#GRM32DC72A475ME01,,#GRM32DC72A475ME01,,
#2023/01/18,,#2023/01/18,,
#z,,#r,,
#DC0V 25degC,,#DC0V 25degC,,
Frequency[Hz],Impedance[ohm],Frequency[Hz],Resistance[ohm],
99.99999999999999,354.4163550492463,99.99999999999999,2.336256087551761,
104.57921513303334,338.95939811393055,104.57921513303334,2.2398026373128643,
109.3681223784127,324.1759201175254,109.3681223784127,2.148053916732485,
114.37632398907938,310.0367454610407,114.37632398907938,2.060858360793814,
119.61386192579457,296.513959119709,119.61386192579457,1.9780406206290493,
125.09123799230618,283.5808491778362,125.09123799230618,1.8994062414321857,
130.8194348925486,271.21185245019575,130.8194348925486,1.824746136219164,
136.8099382520969,259.38250300012277,136.8099382520969,1.7538407994834506,
143.0747596480305,248.06938337153105,143.0747596480305,1.6864642232876135,
149.6264606933842,237.25007836195132,149.6264606933842,1.6223874938730647,
156.47817822447783,226.90313117536874,156.47817822447783,1.5613820591701062,
163.643650641628,217.0080018061932,163.643650641628,1.5032226666734443,
171.13724545605763,207.54502751830145,171.13724545605763,1.4476899772052885,
178.97398809823787,198.49538529508254,178.97398809823787,1.394572863451021,
187.1695920454257,189.84105614723768,187.1695920454257,1.343670403266881,
195.74049032880657,181.56479117435103,195.74049032880657,1.2947935771446188,
204.70386848341695,173.65007928370662,204.70386848341695,1.2477666774441105,
214.07769900691426,166.08111647537854,214.07769900691426,1.2024284346445235,
223.88077739628844,158.8427766063135,223.88077739628844,1.1586328635002794,
234.132759834772,151.9205835481501,234.132759834772,1.1162498301445303,
244.85420260451446,145.3006846541969,244.85420260451446,1.0751653403305323,
256.06660330404856,138.96982545075724,256.06660330404856,1.0352815494857437,
267.79244395319193,132.9153254673796,267.79244395319193,0.9965164973089748,
280.0552360718164,127.12505512019382,280.0552360718164,0.9588035733169435,
292.87956782286926,121.58741356285142,292.87956782286926,0.9220907249229012,
306.2911533141767,116.29130742124295,306.2911533141767,0.8863394260129849,
320.3168841578819,111.22613033153168,320.3168841578819,0.8515234311041594,
334.9848833909005,106.38174320636632,334.9848833909005,0.817627347440033,
350.32456186451077,101.74845516146466,350.32456186451077,0.7846450641438422,
366.36667721614316,97.31700504393044,366.36667721614316,0.7525780831502555,
383.1433955416162,93.07854351428698,383.1433955416162,0.7214338004856081,
400.6883558914757,89.02461564574087,400.6883558914757,0.6912237881212717,
419.03673772076064,85.14714401594314,419.03673772076064,0.6619621258320227,
438.22533142743896,81.43841227778464,438.22533142743896,0.6336638292274718,
458.2926121209498,77.89104920585726,458.2926121209498,0.6063434145869173,
479.2788167687661,74.49801322355768,479.2788167687661,0.5800136337227781,
501.22602487566456,71.25257742199368,501.22602487566456,0.5546844033740377,
524.1782428574726,68.14831508565693,524.1782428574726,0.5303619442349489,
548.1814922784702,65.17908574124623,548.1814922784702,0.5070481353075244,
573.2839021293738,62.339021745243535,573.2839021293738,0.4847400804391711,
599.5358053309263,59.62251542320172,599.5358053309263,0.46342987616782366,
626.9898396565933,57.024206769637544,626.9898396565933,0.443104563707374,
655.7010532767296,54.53897171243155,655.7010532767296,0.42374624327069316,
685.7270151358366,52.16191094021049,685.7270151358366,0.40533232599577496,
717.1279303842347,49.88833928576865,717.1279303842347,0.3878358974319786,
749.9667610955984,47.71377565355163,749.9667610955984,0.37122616666874503,
784.3093525124082,45.63393347484781,784.3093525124082,0.3554689764922829,
820.224565072452,43.64471167079483,820.224565072452,0.340527352143178,
857.7844124811066,41.74218610069107,857.7844124811066,0.3263620690197893,
897.0642061062426,39.92260147141218,897.0642061062426,0.3129322227486547,
938.142705985285,38.18236368290675,938.142705985285,0.3001957881785966,
981.1022787472119,36.51803258467918,981.1022787472119,0.2881101568518577,
1026.0290627661395,34.92631511872018,1026.0290627661395,0.2766326452126093,
1073.0131408776467,33.40405882537033,1073.0131408776467,0.2657209681326164,
1122.1487210041523,31.948245689943693,1122.1487210041523,0.2553336742103746,
1173.5343250515148,30.55598630945094,1173.5343250515148,0.24543054072016804,
1227.2729864556143,29.224514360318725,1227.2729864556143,0.23597292707054804,
1283.4724567750195,27.951181349487186,1283.4724567750195,0.2269240862235655,
1342.245421743976,26.73345163259649,1342.245421743976,0.21824943379472891,
1403.7097272189235,25.568897684079005,1403.7097272189235,0.20991677458024954,
1467.9886154715934,24.455195604818396,1467.9886154715934,0.20189648613404879,
1535.2109723024755,23.390120853609627,1535.2109723024755,0.194161658837073,
1605.5115854701385,22.371544188966865,1605.5115854701385,0.1866881917573045,
1679.031414954591,21.397427807920447,1679.031414954591,0.17945484357450867,
1755.9178755965756,20.465821668381302,1755.9178755965756,0.17244323800746542,
1836.3251326795319,19.57485998151233,1836.3251326795319,0.1656378235808042,
1920.4144110468878,18.72275786042214,1920.4144110468878,0.1590257882249286,
2008.3543183744998,17.907808111486602,2008.3543183744998,0.15259693010672493,
2100.3211832464335,17.12837815479569,2100.3211832464335,0.1463434872008469,
2196.4994087119585,16.382907060694507,2196.4994087119585,0.1402599293619822,
2297.081842032684,15.669902690186438,2297.081842032684,0.13434271795402142,
2402.270161361206,14.987938928112884,2402.270161361206,0.12859003932405366,
2512.2752801266033,14.335652999494599,2512.2752801266033,0.12300151946491085,
2627.3177699376165,13.711742861164172,2627.3177699376165,0.11757792798540548,
2747.628302851474,13.114964662743901,2747.628302851474,0.11232087991939313,
2873.448113895156,12.54413027302119,2873.448113895156,0.10723254390072252,
3005.0294847665045,11.998104869720228,3005.0294847665045,0.10231536479621273,
3142.6362496850466,11.475804592444087,3142.6362496850466,0.09757180804701389,
3286.544324406816,10.97619426006039,3286.544324406816,0.09300413178065417,
3437.0422594639017,10.49828515494643,3437.0422594639017,0.08861419131083388,
3594.431818738024,10.041132877249607,3594.431818738024,0.08440327904716029,
3759.028584528241,9.603835272645593,3759.028584528241,0.08037200120609816,
3931.162590326006,9.185530437011725,3931.162590326006,0.07652019115561541,
4111.17898256636,8.78539480102966,4111.17898256636,0.07284685783158894,
4299.438712682124,8.402641297059981,4299.438712682124,0.06935016650376755,
4496.31926084876,8.03651760977605,4496.31926084876,0.06602744828611677,
4702.215392871039,7.686304511090247,4702.215392871039,0.06287523419725809,
4917.539951729213,7.351314278932212,4917.539951729213,0.05988930927387432,
5142.724685371758,7.030889198513549,5142.724685371758,0.057064782196321794,
5378.221112414542,6.724400143889242,5378.221112414542,0.05439616606051321,
5624.501427482223,6.431245236938626,5624.501427482223,0.05187746627479535,
5882.059448007166,6.150848580357146,5882.059448007166,0.04950227202412725,
6151.41160438433,5.882659060879772,6151.41160438433,0.04726384827753717,
6433.097975467465,5.626149218740758,6433.097975467465,0.04515522587507466,
6727.68337148293,5.380814179297542,6727.68337148293,0.043169287781156376,
7035.758466532444,5.146170642787663,7035.758466532444,0.041298850104363946,
7357.940982955574,4.921755928323241,7357.940982955574,0.03953673693968213,
7694.876929926739,4.707127068433442,7694.876929926739,0.03787584847571583,
8047.241898770236,4.5018599507175106,8047.241898770236,0.03630922212102123,
8415.742417590522,4.305548503448737,8415.742417590522,0.03483008664015399,
8801.117367933934,4.117803922253814,8801.117367933934,0.03343190945539255,
9204.139466322391,3.9382539352675354,9204.139466322391,0.03210843737153308,
9625.616813629718,3.7665421044167076,9625.616813629718,0.03085373102805304,
10066.394515407255,3.6023271607110288,10066.394515407255,0.02966219338619576,
10527.356376407623,3.445282371605725,10527.356376407623,0.02852859252982492,
11009.42667270443,3.295094938648276,11009.42667270443,0.02744807901030934,
11513.572004961123,3.15146542372913,11513.572004961123,0.02641619790907137,
12040.803236564994,3.0141072023263065,12040.803236564994,0.025428895738011072,
12592.177520512547,2.882745942171562,12592.177520512547,0.02448252225782417,
13168.800419110281,2.757119105778356,13168.800419110281,0.02357382727558422,
13771.828120741138,2.6369754752689794,13771.828120741138,0.02269995249182482,
14402.469758141457,2.5220746979302184,14402.469758141457,0.021858418506896182,
15061.989832836824,2.41218685092515,15061.989832836824,0.021047107166485713,
15751.710750598017,2.307092023604009,15751.710750598017,0.020264239523382944,
16473.01547300104,2.2065799158985304,16473.01547300104,0.019508349810051458,
17227.35029040763,2.110449451358984,17227.35029040763,0.018778255944741827,
18016.227721926643,2.018508403504166,18016.227721926643,0.018073027221181488,
18841.229548170857,1.9305730343020568,18841.229548170857,0.017391949945917553,
19704.009982890246,1.846467743777603,19704.009982890246,0.01673449187627903,
20606.298989841154,1.7660247299460694,20606.298989841154,0.016100266365624668,
21549.905751542057,1.6890836584847533,21549.905751542057,0.015488997134035743,
22536.722296871103,1.6154913417690786,22536.722296871103,0.01490048454874991,
23568.72729477912,1.545101427098699,23568.72729477912,0.01433457422049361,
24647.99002172501,1.4777740941127735,24647.99002172501,0.013791128604604725,
25776.674510788394,1.4133757615316258,25776.674510788394,0.013270002148022186,
26957.04389077916,1.351778803458277,26957.04389077916,0.012771020355792915,
28191.464924044165,1.2928612755253386,28191.464924044165,0.012293962975772104,
29482.412752069788,1.2365066511817147,29482.412752069788,0.011838551329528508,
30832.47585839592,1.1826035683841467,30832.47585839592,0.011404439661630314,
32244.361258792436,1.1310455868978369,32244.361258792436,0.01099121024676389,
33720.899929105,1.0817309563269237,33720.899929105,0.010598371890067935,
35265.052481653605,1.0345623948986107,35265.052481653605,0.010225361383293172,
36879.915101565646,0.9894468789231056,36879.915101565646,0.009871547437857831,
38568.72575494639,0.9462954427530356,38568.72575494639,0.00953623660322037,
40334.870681335015,0.9050229889767561,40334.870681335015,0.009218680691204276,
42181.89118346415,0.8655481085045682,42181.89118346415,0.008918085258907627,
44113.490727937,0.8277929101477651,44113.490727937,0.008633618749094778,
46133.54237105995,0.7916828592487883,46133.54237105995,0.008364421942061408,
48246.09652471983,0.7571466248960409,48246.09652471983,0.00810961743192333,
50455.38907787768,0.7241159352477591,50455.38907787768,0.00786831889887533,
52765.84988996271,0.6925254404935062,52765.84988996271,0.007639640003846778,
55182.11167319754,0.6623125829967047,55182.11167319754,0.00742270278070056,
57709.01928166397,0.633417474184459,57709.01928166397,0.007216645442111645,
60351.639425735055,0.6057827777788357,60351.639425735055,0.007020629547733216,
63115.27083135204,0.5793535989943023,63115.27083135204,0.0068338465070999655,
66005.4548645163,0.5540773793567533,66005.4548645163,0.006655523405375187,
69027.98664229971,0.5299037968286008,69027.98664229971,0.006484928148411423,
72188.92665265215,0.5067846709500753,72188.92665265215,0.006321373925899553,
75494.61290630474,0.48467387272811496,75494.61290630474,0.006164222989117136,
78951.67364513518,0.46352723902017845,78951.67364513518,0.006012889734610998,
82567.04063247632,0.4433024911707757,82567.04063247632,0.0058668430788013344,
86347.96305201648,0.4239591576636208,86347.96305201648,0.005725608102706275,
90302.02204316044,0.4054585005527079,90302.02204316044,0.005588766942380113,
94437.14590199596,0.3877634454323806,94437.14590199596,0.005455958900637875,
98761.62597834493,0.37083851470103335,98761.62597834493,0.005326879760271598,
103284.13330077511,0.354649763867201,103284.13330077511,0.005201280288872519,
108013.73596290655,0.33916472064235864,108013.73596290655,0.005078963940644659,
112959.91730587467,0.3243523265636273,112959.91730587467,0.004959783780725261,
118132.59493340722,0.31018288089347296,118132.59493340722,0.004843638681420086,
123542.14059764279,0.2966279865536523,123542.14059764279,0.004730468865790987,
129199.40099556338,0.28366049786785097,129199.40099556338,0.00462025090017466,
135115.71951774065,0.271254469911682,135115.71951774065,0.004512992261232043,
141302.95899300394,0.2593851092992743,141302.95899300394,0.004408725622819826,
147773.52547463533,0.24802872627118186,147773.52547463533,0.004307503021403544,
154540.39311578672,0.23716268798679163,154540.39311578672,0.004209390064458888,
161617.13018399404,0.22676537296346275,161617.13018399404,0.00411446034356992,
169017.92626695373,0.21681612664180888,169017.92626695373,0.004022790202730368,
176757.6207241092,0.20729521808953894,176757.6207241092,0.003934453993451236,
184851.7324410973,0.19818379788314197,184851.7324410973,0.003849519923106139,
193316.49094671433,0.18946385722610162,193316.49094671433,0.0037680465734315147,
202168.86895479533,0.18111818837359958,202168.86895479533,0.003690080134438823,
211426.61639625567,0.17313034643682895,211426.61639625567,0.003615652367417161,
221108.2960095334,0.16548461263580222,221108.2960095334,0.0035447792812430736,
231233.3205607941,0.1581659590590723,231233.3205607941,0.0034774604805359825,
241821.99176852946,0.15116001497363252,241821.99176852946,0.003413679123485235,
252895.54101059664,0.14445303471009374,252895.54101059664,0.003353402412082049,
264476.17189532047,0.13803186712872306,264476.17189532047,0.0032965825281589976,
276587.1047820182,0.13188392665254658,276587.1047820182,0.0032431579247716356,
289252.62334021524,0.12599716583572007,289252.62334021524,0.003193054883411885,
302498.1232409063,0.12036004941963951,302498.1232409063,0.0031461892524576535,
316350.1630774958,0.11496152981639955,316350.1630774958,0.003102468290166326,
330836.51761851617,0.10979102394946964,330836.51761851617,0.0030617925454315357,
345986.2334989038,0.10483839137485744,345986.2334989038,0.0030240577205335674,
361829.6874614976,0.1000939136023667,361829.6874614976,0.002989156471439689,
378398.6472655419,0.0955482745355038,378398.6472655419,0.0029569801122210806,
395726.33538431907,0.09119254194971163,395726.33538431907,0.0029274202003811674,
413847.4956196361,0.08701814993147758,413847.4956196361,0.002900369989025877,
432798.46276672994,0.08301688220501963,432798.46276672994,0.0028757257396780636,
452617.23546927935,0.07918085627831364,452617.23546927935,0.00285338789609002,
473343.5524106058,0.0755025083458282,473343.5524106058,0.002833262124671906,
495018.9719938298,0.07197457889122481,495018.9719938298,0.002815260231227257,
517686.9556707574,0.0685900989392304,517686.9556707574,0.002799300966707122,
541392.9550865723,0.06534237691179122,541392.9550865723,0.0027853107368233025,
566184.503215073,0.062224986049387865,566184.503215073,0.0027732242317681354,
592111.3096671875,0.05923175236403816,592111.3096671875,0.002762984993141122,
619225.3603638692,0.056356743096111495,619225.3603638692,0.0027545459356410305,
647581.0217732317,0.0535942556527516,647581.0217732317,0.002747869841293766,
677235.1499209236,0.050938807011678355,677235.1499209236,0.002742929844086074,
708247.2043923237,0.04838512358072221,708247.2043923237,0.0027397099229873882,
740679.3675551426,0.04592813151107651,740679.3675551426,0.0027382054215816538,
774596.6692414834,0.043562947471559865,774596.6692414834,0.0027384236130095956,
810067.1171393609,0.04128486990303731,810067.1171393609,0.002740384329752796,
847161.8331551341,0.0390893707878222,847161.8331551341,0.0027441206790961245,
885955.1960202559,0.0369720879902167,885955.1960202559,0.0027496798670251237,
926524.9904283119,0.034928818254067795,926524.9904283119,0.002757124156019463,
968952.5630013399,0.03295551098543374,968952.5630013399,0.0027665319859066398,
1013322.9853982129,0.031048263009421144,1013322.9853982129,0.0027779992919198314,
1059725.224892072,0.029203314579709434,1059725.224892072,0.0027916410607285182,
1108252.3227589026,0.027417047052560376,1108252.3227589026,0.0028075931739761154,
1159001.5808348707,0.02568598283891004,1159001.5808348707,0.0028260146004396294,
1212074.756616558,0.024006788558861254,1212074.756616558,0.002847090013249081,
1267578.267295219,0.022376282810176607,1267578.267295219,0.002871032928952664,
1325623.403134245,0.0207914507418542,1325623.403134245,0.00289808949238337,
1386326.5506175985,0.019249468898297237,1386326.5506175985,0.0029285430678068695,
1449809.4258167401,0.017747745933757407,1449809.4258167401,0.0029627198463189025,
1516199.318443883,0.01628398846614218,1516199.318443883,0.0030009957471076516,
1585629.3470810154,0.014856307833405911,1585629.3470810154,0.003043804983562439,
1658238.7260963656,0.013463395376895478,1658238.7260963656,0.0030916507954206365,
1734173.0447835915,0.012104816283945668,1734173.0447835915,0.003145119031782281,
1813584.5592833052,0.010781515864000602,1813584.5592833052,0.003204895531923394,
1896632.497872364,0.009496720838895757,1896632.497872364,0.003271788629742034,
1983483.3802329618,0.008257602290075022,1983483.3802329618,0.003346758662956504,
2074311.3513417928,0.007078448186550059,2074311.3513417928,0.003430957193918326,
2169298.5306486627,0.005986816700280961,2169298.5306486627,0.003525779896158533,
2268635.3772447985,0.0050349741635261494,2268635.3772447985,0.003632938976467166,
2372521.071752938,0.004316447266938525,2372521.071752938,0.0037545639976892557,
2481163.9157050513,0.003967561206107892,2481163.9157050513,0.0038933447412747343,
2594781.7492083823,0.004099405755924567,2594781.7492083823,0.004052737512935066,
2713602.387737317,0.0046935900249243274,2713602.387737317,0.0042372691966710814,
2837864.0789269414,0.005632751677773538,2837864.0789269414,0.004452995286758252,
2967815.9802840785,0.006808091344707436,2967815.9802840785,0.0047082062430425075,
3103718.658773832,0.00815690925633328,3103718.658773832,0.005014544265148316,
3245844.61328318,0.009653244852212861,3245844.61328318,0.005388815351707899,
3394478.8210093947,0.011295123555618732,3394478.8210093947,0.005856006564202734,
3549919.308868665,0.013097672545461713,3549919.308868665,0.006454427735090272,
3712477.751070856,0.015090374323698641,3712477.751070856,0.00724459763733671,
3882480.0940583847,0.01731498669685305,3882480.0940583847,0.0083244257661881,
4060267.2100625183,0.019817018651351784,4060267.2100625183,0.009852938500665204,
4246195.5805872865,0.022609737232545803,4246195.5805872865,0.01207411244835062,
4440638.011191738,0.025550249784764972,4440638.011191738,0.015269600859966861,
4643984.379003457,0.02802018950795507,4643984.379003457,0.019351092404959906,
4856642.414462493,0.028620435681901805,4856642.414462493,0.022771806944445565,
5079038.5188628705,0.026338955775529856,5079038.5188628705,0.022902553098811798,
5311618.619331236,0.02275493702363301,5311618.619331236,0.020110441540008617,
5554849.062956665,0.020344365127803743,5554849.062956665,0.017122282822311482,
5809217.551864741,0.019883230178189184,5809217.551864741,0.015224099815315325,
6075234.121110557,0.02089917695248549,6075234.121110557,0.014456768315890113,
6353432.161351662,0.02276188820534439,6353432.161351662,0.01462985639801395,
6644369.48835128,0.025025735194312105,6644369.48835128,0.015626720060112453,
6948629.461456517,0.02731232098911707,6948629.461456517,0.017361242142300348,
7266822.153293941,0.02910153702436225,7266822.153293941,0.019541075510644417,
7599585.57302819,0.029695738010524574,7599585.57302819,0.02134038617645897,
7947586.945636123,0.02875000682439288,7947586.945636123,0.02166436968363009,
8311524.049761669,0.02697846630829308,8311524.049761669,0.02036693626017609,
8692126.616834069,0.025610024698534174,8692126.616834069,0.01842418207586286,
9090157.794254545,0.025257268176692455,9090157.794254545,0.01670237663845276,
9506415.67558567,0.02582521646612948,9506415.67558567,0.015479841494086951,
9941734.90081113,0.026995383014312146,9941734.90081113,0.014719042905211565,
1.0396988329875145E7,0.028506301164962677,1.0396988329875145E7,0.014308404182932808,
1.0873088792856487E7,0.03019890386409891,1.0873088792856487E7,0.014148055236400505,
1.1370990920287136E7,0.0319872278975186,1.1370990920287136E7,0.014164799376614039,
1.189169305728476E7,0.033827455721272943,1.189169305728476E7,0.014307865380404407,
1.2436239265337834E7,0.03569840882635075,1.2436239265337834E7,0.014542249288790788,
1.3005721415756406E7,0.03759085705816344,1.3005721415756406E7,0.014843466423821944,
1.3601281378986893E7,0.03950191307627548,1.3601281378986893E7,0.015193982823413409,
1.4224113314179895E7,0.041432122072139164,1.4224113314179895E7,0.01558089885417579,
1.487546606360265E7,0.04338394734532054,1.487546606360265E7,0.01599446337557364,
1.5556645656696366E7,0.04536097850679716,1.5556645656696366E7,0.016427118624853253,
1.6269017928800195E7,0.047367516379498376,1.6269017928800195E7,0.016872881280097105,
1.7014011259791706E7,0.049408355509791696,1.7014011259791706E7,0.017326937033129004,
1.77931194381361E7,0.05148867037288973,1.77931194381361E7,0.017785371649363016,
1.8607904656085912E7,0.05361395539104166,1.8607904656085912E7,0.01824498984799097,
1.946000064203784E7,0.05578999205491061,1.946000064203784E7,0.018703190935477575,
2.03511159363264E7,0.0580228288641749,2.03511159363264E7,0.019157881150413485,
2.128303731702384E7,0.060318766586982535,2.128303731702384E7,0.019607409683448384,
2.225763338261411E7,0.06268434509476052,2.225763338261411E7,0.020050519859567715,
2.3276858298725832E7,0.06512633012420033,2.3276858298725832E7,0.020486309935842256,
2.434275571643584E7,0.06765169947919399,2.434275571643584E7,0.020914199936305177,
2.545746287000018E7,0.07026762880837109,2.545746287000018E7,0.021333902261241895,
2.66232148622296E7,0.07298147740036338,2.66232148622296E7,0.02174539468680079,
2.7842349146100778E7,0.07580077455696213,2.7842349146100778E7,0.022148894951143902,
2.9117310211591028E7,0.07873320711058983,2.9117310211591028E7,0.022544836497083717,
3.045065448713244E7,0.08178660859473504,3.045065448713244E7,0.02293384517087403,
3.1845055465514947E7,0.08496895048520571,3.1845055465514947E7,0.02331671680656025,
3.3303309064514637E7,0.08828833582688483,3.3303309064514637E7,0.023694395686796463,
3.48283392329978E7,0.0917529954591249,3.48283392329978E7,0.024067953887641803,
3.6423203813739374E7,0.09537128696224989,3.6423203813739374E7,0.024438571503864817,
3.809110067471375E7,0.09915169637372293,3.809110067471375E7,0.02480751772557207,
3.9835374121149175E7,0.10310284266849354,3.9835374121149175E7,0.025176132706017516,
4.165952160120533E7,0.1072334849649902,4.165952160120533E7,0.025545810131159894,
4.356720071871697E7,0.11155253240549674,4.356720071871697E7,0.025917980378842787,
4.556223656706752E7,0.11606905666540485,4.556223656706752E7,0.02629409414281185,
4.7648629398895085E7,0.12079230706707351,4.7648629398895085E7,0.02667560639641397,
4.9830562647012316E7,0.12573172830710563,4.9830562647012316E7,0.027063960584104176,
5.21124113126199E7,0.13089698084643012,5.21124113126199E7,0.027460572956410894,
5.449875073763604E7,0.13629796405601682,5.449875073763604E7,0.027866817005687473,
5.6994365778727934E7,0.14194484225232573,5.6994365778727934E7,0.028284008015008636,
5.960426040144389E7,0.14784807379070528,5.960426040144389E7,0.028713387799409285,
6.233366771367934E7,0.15401844340684262,6.233366771367934E7,0.029156109794886344,
6.518806045859894E7,0.16046709800141398,6.518806045859894E7,0.02961322473283629,
6.817316198804997E7,0.16720558604713978,6.817316198804997E7,0.030085667221487318,
7.129495773847401E7,0.17424590075741453,7.129495773847401E7,0.03057424363602047,
7.455970723232402E7,0.18160052708973057,7.455970723232402E7,0.031079621789188067,
7.797395662905186E7,0.18928249256524218,7.797395662905186E7,0.0316023229074555,
8.154455185083437E7,0.1973054217701387,8.154455185083437E7,0.03214271646697994,
8.52786523093519E7,0.20568359426956145,8.52786523093519E7,0.03270101844249398,
8.918374526114874E7,0.21443200551776354,8.918374526114874E7,0.03327729348496189,
9.326766082035308E7,0.22356643019851838,9.326766082035308E7,0.033871461467254685,
9.7538587658865E7,0.23310348728896985,9.7538587658865E7,0.034483308720313556,
1.0200508942548662E8,0.24306070602071686,1.0200508942548662E8,0.035112504127923945,
1.0667612191692284E8,0.2534565918267197,1.0667612191692284E8,0.035758620062537126,
1.1156105103507555E8,0.26431069132296203,1.1156105103507555E8,0.036421157937343164,
1.1666967156664492E8,0.2756436553886552,1.1666967156664492E8,0.03709957793384812,
1.2201222682268488E8,0.28747729948301065,1.2201222682268488E8,0.03779333225438555,
1.275994291775004E8,0.2998346604705286,1.275994291775004E8,0.038501901060811757,
1.3344248154806052E8,0.3127400494151813,1.3344248154806052E8,0.0392248301086333,
1.3955309985700467E8,0.32621910003687565,1.3955309985700467E8,0.03996176898197764,
1.4594353652427363E8,0.34029881278668805,1.4594353652427363E8,0.04071250878712874,
1.5262660503447735E8,0.3550075947736937,1.5262660503447735E8,0.04147701817389388,
1.5961570562925106E8,0.3703752960475368,1.5961570562925106E8,0.04225547662262867,
1.669248521761238E8,0.3864332429903251,1.669248521761238E8,0.04304830405314529,
1.7456870026776624E8,0.4032142697846037,1.7456870026776624E8,0.04385618596872341,
1.8256257660796762E8,0.4207527490912698,1.8256257660796762E8,0.044680093530137126,
1.9092250974325508E8,0.4390846231873667,1.9092250974325508E8,0.045521298146085604,
1.996652622017855E8,0.45824743687945024,1.996652622017855E8,0.04638138035344237,
2.088083641039402E8,0.478280373528972,2.088083641039402E8,0.04726223293120341,
2.1837014831202695E8,0.49922429551150044,2.1837014831202695E8,0.048166058337096224,
2.2836978718955886E8,0.5211217903935348,2.2836978718955886E8,0.049095360670557614,
2.3882733104381898E8,0.5440172240626305,2.3882733104381898E8,0.050052932449349774,
2.4976374832879743E8,0.5679568020015459,2.4976374832879743E8,0.05104183654240707,
2.6120096768910077E8,0.5929886398666698,2.6120096768910077E8,0.05206538363476052,
2.731619219291499E8,0.6191628445244296,2.731619219291499E8,0.05312710562014712,
2.8567059399581397E8,0.6465316067225166,2.8567059399581397E8,0.05423072533320361,
2.987520650666968E8,0.6751493066285077,2.987520650666968E8,0.055380123056523886,
3.124325648404804E8,0.7050726335557669,3.124325648404804E8,0.05657930027845427,
3.267395241301802E8,0.7363607213116452,3.267395241301802E8,0.057832341244202994,
3.4170162986475027E8,0.7690753007388287,3.4170162986475027E8,0.05914337294249358,
3.573488826093389E8,0.8032808711685159,3.573488826093389E8,0.060516524306760064,
3.737126567195109E8,0.8390448926530847,3.737126567195109E8,0.06195588558460328,
3.908257632500721E8,0.8764380009854087,3.908257632500721E8,0.06346546903898616,
4.0872251574461204E8,0.915534247631188,4.0872251574461204E8,0.06504917238239886,
4.2743879903770435E8,0.9564113667916239,4.2743879903770435E8,0.06671074659975308,
4.4701214120769453E8,0.9991510718709553,4.4701214120769453E8,0.06845377007183638,
4.6748178882437414E8,1.0438393836475583,4.6748178882437414E8,0.07028163115023897,
4.888887856423943E8,1.0905669924447898,4.888887856423943E8,0.07219752153597768,
5.1127605489823437E8,1.1394296565844235,5.1127605489823437E8,0.07420444295636328,
5.3468848537570965E8,1.1905286394055903,5.3468848537570965E8,0.07630522969847665,
5.591730214126214E8,1.243971187181142,5.591730214126214E8,0.07850258952790728,
5.847787570289874E8,1.2998710504057447,5.847787570289874E8,0.0807991653904388,
6.115570343656238E8,1.358349051220517,6.115570343656238E8,0.083197620064632,
6.395615466304238E8,1.4195337002382666,6.395615466304238E8,0.08570074561970432,
6.688484457587857E8,1.4835618668078756,6.688484457587857E8,0.08831159916473404,
6.99476455004031E8,1.550579507873158,6.99476455004031E8,0.09103366599523409,
7.315069866835799E8,1.6207424621077304,7.315069866835799E8,0.09387105090798062,
7.650042653169916E8,1.694217318007008,7.650042653169916E8,0.09682869823180461,
8.000354564027369E8,1.7711823671532185,8.000354564027369E8,0.09991264108541899,
8.366708010919645E8,1.8518286570021383,8.366708010919645E8,0.10313028060152778,
8.749837570292381E8,1.9363611613394387,8.749837570292381E8,0.10649069642818305,
9.150511456427056E8,2.0250000911063535,9.150511456427056E8,0.11000499081140927,
9.569533061789703E8,2.1179823737134615,9.569533061789703E8,0.1136866700552528,
1.0007742567915817E9,2.2155633354128104,1.0007742567915817E9,0.11755206922934287,
1.0466018630060828E9,2.3180186290162816,1.0466018630060828E9,0.12162082874667722,
1.0945280138994675E9,2.4256464585680475,1.0945280138994675E9,0.12591643499200533,
1.1446488063472402E9,2.5387701639704106,1.1446488063472402E9,0.13046684172135273,
1.1970647377075796E9,2.657741242679011,1.1970647377075796E9,0.13530519473519007,
1.25188090732889E9,2.7829429033223207,1.25188090732889E9,0.14047068973467877,
1.3092072272848508E9,2.9147942686930235,1.3092072272848508E9,0.14600960286893136,
1.3691586427594435E9,3.05375537469308,1.3691586427594435E9,0.15197654610647557,
1.4318553625239196E9,3.2003331498207954,1.4318553625239196E9,0.15843601644637065,
1.497423099967763E9,3.355088609908492,1.497423099967763E9,0.16546433094054103,
1.565993325167025E9,3.5186455696173735,1.565993325167025E9,0.17315207123040688,
1.6377035284953642E9,3.6917012621735275,1.6377035284953642E9,0.18160720586564363,
1.712697496306447E9,3.87503938138428,1.712697496306447E9,0.19095912224667788,
1.7911255992403932E9,4.069546228884098,1.7911255992403932E9,0.2013638921594225,
1.8731450937324457E9,4.276230885344531,1.8731450937324457E9,0.21301123055660598,
1.9589204373283114E9,4.496250658095779,1.9589204373283114E9,0.2261338105257891,
2.0486236184385302E9,4.730943537067392,2.0486236184385302E9,0.24101990758057734,
2.142434501192965E9,4.981870091143941,2.142434501192965E9,0.2580308292331462,
2.2405411860869184E9,5.2508682778456315,2.2405411860869184E9,0.27762535377007025,
2.343140387142058E9,5.540126216412022,2.343140387142058E9,0.3003946530024069,
2.450437826338281E9,5.852280414547773,2.450437826338281E9,0.3271132650693783,
2.5626486461075397E9,6.190550800345716,2.5626486461075397E9,0.3588152822984209,
2.679997840716567E9,6.558930170196958,2.679997840716567E9,0.39691131414153735,
2.8027207074036303E9,6.962456074401171,2.8027207074036303E9,0.44337356167966885,
2.9310633181737137E9,7.407610949715181,2.9310633181737137E9,0.5010389106570481,
3.065283013198317E9,7.902927529577316,3.065283013198317E9,0.5741251946064141,
3.205648916808991E9,8.459932727949656,3.205648916808991E9,0.669151185886325,
3.3524424771194315E9,9.094665861956177,3.3524424771194315E9,0.7966638710924793,
3.5059580303579197E9,9.830192955713347,3.5059580303579197E9,0.9746834822760391,
3.666503391041871E9,10.700844555551438,3.666503391041871E9,1.2360702303458608,
3.8344004691776366E9,11.75917557450542,3.8344004691776366E9,1.6455542105623682,
4.009985915723325E9,13.085080061299738,4.009985915723325E9,2.3422742403459957,
4.1936117976086297E9,14.778975889774488,4.1936117976086297E9,3.649461076799323,
4.3856463036654005E9,16.785895264019654,4.3856463036654005E9,6.28081076372927,
4.586474482884159E9,17.736237983701646,4.586474482884159E9,10.530720994739962,
4.796499016477109E9,14.225615716603755,4.796499016477109E9,11.038515084164766,
5.01614102529542E9,10.29171431202011,5.01614102529542E9,7.100080554196829,
5.245840914220046E9,10.259965341878019,5.245840914220046E9,4.631001608879721,
5.48605925521886E9,12.09717990970625,5.48605925521886E9,3.6700324150098673,
5.737277710841023E9,14.573464738971182,5.737277710841023E9,3.5320054871341915,
6.0E9,17.601681534782436,6.0E9,3.9953034517481982,
