#GC332DD7LP154KX18,,#GC332DD7LP154KX18,,
#2023/01/18,,#2023/01/18,,
#z,,#r,,
#DC0V 25degC,,#DC0V 25degC,,
Frequency[Hz],Impedance[ohm],Frequency[Hz],Resistance[ohm],
99999.99999999999,10.81192847082679,99999.99999999999,0.03711205748277931,
102610.7361027269,10.537487513633184,102610.7361027269,0.03635036232458547,
105289.63163543465,10.270008377184489,105289.63163543465,0.03559589389309297,
108038.46606096912,10.00931399983641,108038.46606096912,0.03484944344584877,
110859.0652992552,9.755231880772538,110859.0652992552,0.03411175816822218,
113753.30294016848,9.507593960783629,113753.30294016848,0.033383538373859496,
116723.10148807177,9.266236505790047,116723.10148807177,0.03266543516250562,
119770.43363884346,9.030999993087178,119770.43363884346,0.03195804854414787,
122897.32359024532,8.8017290002949,122897.32359024532,0.03126192603154802,
126105.84838650099,8.578272096992412,126105.84838650099,0.030577561696721326,
129398.13929797744,8.360481739019274,129398.13929797744,0.0299053956808131,
132776.3832368866,8.148214165422313,132776.3832368866,0.02924581414132563,
136242.82420994705,7.941329298025861,136242.82420994705,0.028599149615749324,
139799.7648089709,7.739690643600718,139799.7648089709,0.0279656817764607,
143449.567740366,7.5431651986040755,143449.567740366,0.02734563854827552,
147194.65739456945,7.351623356459719,147194.65739456945,0.026739197557318243,
151037.52145645468,7.164938817344623,151037.52145645468,0.02614648787783234,
154980.71255778224,6.98298850044462,154980.71255778224,0.025567592042262298,
159026.84997279174,6.805652458638812,159026.84997279174,0.025002548279243784,
163178.62135806077,6.6328137955692235,163178.62135806077,0.02445135294408881,
167438.78453778772,6.4643585850493395,167438.78453778772,0.023913963106795447,
171810.1693356829,6.300175792762679,171810.1693356829,0.023390299263555785,
176295.6794546858,6.140157200200235,176295.6794546858,0.022880248139033613,
180898.294405757,5.9841973307836405,180898.294405757,0.022383665548339565,
185621.0714870253,5.832193378119449,185621.0714870253,0.021900379289497136,
190467.14781460565,5.684045136328587,190467.14781460565,0.021430192039273644,
195439.74240643583,5.539654932394216,195439.74240643583,0.020972884227429028,
200542.1583205171,5.398927560470594,200542.1583205171,0.020528216866688962,
205777.78484897866,5.261770218095406,205777.78484897866,0.020095934318021313,
211150.0997694226,5.128092444247907,211150.0997694226,0.01967576697304348,
216662.67165504684,4.997806059195591,216662.67165504684,0.019267433837579055,
222319.16224507784,4.870825106072595,222319.16224507784,0.01887064500250802,
228123.3288770901,4.747065794133554,228123.3288770901,0.018485103990071014,
234079.0269828268,4.626446443627736,234079.0269828268,0.018110509965705082,
240190.21264917936,4.508887432238974,240190.21264917936,0.017746559807295947,
246460.945246028,4.394311143038081,246460.945246028,0.017392950025421596,
252895.39012268803,4.2826419138956044,252895.39012268803,0.017049378529749495,
259497.8213747532,4.173805988303913,259497.8213747532,0.016715546238228993,
266272.6246831737,4.067731467558858,266272.6246831737,0.016391158527112037,
273224.30022745585,3.9643482642525734,273224.30022745585,0.01607592652113608,
280357.46567491704,3.8635880570302454,280357.46567491704,0.01576956822442882,
287676.85924798227,3.7653842465650764,287676.85924798227,0.015471809493856336,
295187.34287156025,3.6696719127069697,295187.34287156025,0.015182384857628867,
302893.9054025884,3.576387772761923,302893.9054025884,0.014901038183023112,
310801.6659438933,3.48547014086049,310801.6659438933,0.014627523198062717,
318915.8772445672,3.3968588883751494,318915.8772445672,0.014361603872937197,
327241.92918911943,3.3104954053479574,327241.92918911943,0.014103054667809594,
335785.3523777198,3.226322562891301,335785.3523777198,0.013851660654487282,
344551.82179991365,3.1442846765262673,344551.82179991365,0.013607217520173395,
353547.16060424736,3.064327470424679,353547.16060424736,0.013369531462193069,
362777.3439663084,2.986398042522564,362777.3439663084,0.013138418983176053,
372248.50305775064,2.9104448304744985,372248.50305775064,0.012913706596669369,
381966.9291189398,2.8364175784199954,381966.9291189398,0.012695230453542126,
391939.0776379254,2.7642673045349,391939.0776379254,0.012482835899817094,
402171.5726385136,2.6939462693424163,402171.5726385136,0.01227637697671668,
412671.21108029195,2.625407944760217,412671.21108029195,0.01207571587373288,
423444.9673735255,2.558606983861808,423444.9673735255,0.011880722345426552,
434499.9980119262,2.493499191331878,434499.9980119262,0.011691273102424253,
445843.64632637135,2.4300414945971633,445843.64632637135,0.011507251186714895,
457483.44736272807,2.368191915615747,457483.44736272807,0.01132854534086486,
469427.1328870264,2.307909543309219,469427.1328870264,0.01115504938017061,
481682.6365213039,2.2491545066234755,481682.6365213039,0.010986661576070495,
494258.0990135325,2.191887948205132,494258.0990135325,0.010823284058353325,
507161.87364513054,2.1360719986816115,507161.87364513054,0.010664822242849238,
520402.53177965025,2.081669751533942,520402.53177965025,0.010511184290384707,
533988.8685563265,2.0286452385520963,533988.8685563265,0.010362280601848732,
547929.9087322695,1.9769634058633756,547929.9087322695,0.01021802335326939,
562234.9126771817,1.9265900905248796,562234.9126771817,0.010078326073858222,
576913.38252458,1.8774919976715057,576913.38252458,0.009943103269061997,
591975.068483612,1.829636678211185,591975.068483612,0.009812270089783904,
607429.975315656,1.7829925070592265,607429.975315656,0.009685742048112544,
623288.3689800071,1.7375286619037367,623288.3689800071,0.009563434779140643,
639560.783453066,1.6932151024939808,639560.783453066,0.009445263847774324,
656258.0277255583,1.6500225504435342,656258.0277255583,0.009331144598836735,
673391.1929824331,1.6079224695398608,673391.1929824331,0.009220992048259267,
690971.6599702089,1.5668870465517795,690971.6599702089,0.009114720812733814,
709011.1065566628,1.5268891725260352,709011.1065566628,0.009012245074867753,
727521.5154878813,1.4879024245639758,727521.5154878813,0.008913478580638975,
746515.1823478293,1.4499010480690386,746515.1823478293,0.008818334665786128,
766004.7237257219,1.4128599394555725,766004.7237257219,0.008726726307683575,
786003.0855966229,1.3767546293092474,786003.0855966229,0.00863856619923479,
806523.5519208414,1.341561265989128,806523.5519208414,0.008553766841364047,
827579.7534678341,1.307256599661325,827579.7534678341,0.008472240650786172,
849185.6768704772,1.273817966753983,849185.6768704772,0.008393900079878877,
871355.6739157209,1.2412232748232996,871355.6739157209,0.008318657745664334,
894104.471077798,1.2094509878201687,894104.471077798,0.008246426565116859,
917447.1793003217,1.178480111747086,917447.1793003217,0.008177119894244599,
941399.3040337649,1.148290180694909,941399.3040337649,0.008110651668638344,
965976.7555349944,1.1188612432491793,965976.7555349944,0.008046936543432356,
991195.8594356966,1.0901738492557655,991195.8594356966,0.007985890030875948,
1017073.3675867188,1.0622090369357513,1017073.3675867188,0.007927428633964355,
1043626.4691855257,1.0349483203396017,1043626.4691855257,0.007871469974820565,
1070872.8021941665,1.0083736771308625,1070872.8021941665,0.007817932916750989,
1098830.4650553332,0.9824675366898215,1098830.4650553332,0.007766737679116504,
1127518.0287142945,0.9572127685277847,1127518.0287142945,0.007717805944362706,
1156954.5489546934,0.9325926710028605,1156954.5489546934,0.0076710609567396375,
1187159.579056395,0.9085909603283878,1187159.579056395,0.007626427612409263,
1218153.1827838013,0.8851917598653812,1218153.1827838013,0.007583832540789918,
1249955.947713255,0.8623795896906472,1249955.947713255,0.00754320417711936,
1282588.9989083875,0.8401393564324681,1282588.9989083875,0.007504472826334124,
1316074.0129524926,0.8184563433660162,1316074.0129524926,0.007467570718461254,
1350433.23234725,0.797316200760918,1350433.23234725,0.007432432055802195,
1385689.480287362,0.7767049364736449,1385689.480287362,0.007398993052257002,
1421866.175820913,0.7566089067776555,1421866.175820913,0.0073671919651921705,
1458987.3494055322,0.7370148074244551,1458987.3494055322,0.007336969120298486,
1497077.6588706812,0.7179096649289818,1497077.6588706812,0.007308266929916943,
1536162.4057966769,0.6992808280729469,1536162.4057966769,0.0072810299053330035,
1576267.5523213292,0.6811159596199934,1576267.5523213292,0.007255204663553041,
1617419.7383853518,0.6634030282367314,1617419.7383853518,0.00723073992908277,
1659646.29942801,0.6461303006139236,1659646.29942801,0.007207586531227352,
1702975.284544748,0.6292863337822849,1702975.284544748,0.0071856973974272695,
1747435.4751188746,0.612859967617546,1747435.4751188746,0.007165027543134078,
1793056.4039396606,0.59684031752961,1793056.4039396606,0.007145534058716769,
1839868.3748195693,0.5812167673307935,1839868.3748195693,0.0071271760938731495,
1887902.4827236389,0.5659789622783132,1887902.4827236389,0.007109914840002439,
1937190.6344243828,0.5511168022863225,1937190.6344243828,0.00709371351097548,
1987765.5696959447,0.536620435302954,1987765.5696959447,0.007078537322718298,
2039660.8830615724,0.52248025084796,2039660.8830615724,0.0070643534720036755,
2092911.0461088594,0.5086868737066726,2092911.0461088594,0.007051131114824137,
2147551.430387583,0.49523115777613325,2147551.430387583,0.007038841344698895,
2203618.33090534,0.4821041800593572,2203618.33090534,0.007027457171246961,
2261148.9902365943,0.46929723480381363,2261148.9902365943,0.00701695349933907,
2320181.6232611462,0.45680182778031286,2320181.6232611462,0.007007307109122558,
2380755.4425484603,0.444609670698588,2380755.4425484603,0.006998496637195897,
2442910.684404709,0.43271267575596795,2442910.684404709,0.006990502559193534,
2506688.6355998362,0.4211029503156246,2506688.6355998362,0.006983307174026894,
2572131.660792394,0.4097727917109749,2572131.660792394,0.006976894590014118,
2639283.2306703706,0.39871468217289885,2639283.2306703706,0.0069712507131192555,
2708187.9508266994,0.38792128387653374,2708187.9508266994,0.006966363237511521,
2778891.5913886325,0.3773854341044664,2778891.5913886325,0.006962221638646296,
2851441.1174206585,0.36710014052324824,2851441.1174206585,0.006958817169062628,
2925884.720121159,0.357058576570218,2925884.720121159,0.006956142857086306,
3002271.8488335325,0.3472540769477044,3002271.8488335325,0.0069541935086238444,
3080653.243893036,0.33768013322175106,3080653.243893036,0.006952965712230192,
3161080.97033118,0.3283303895225908,3161080.97033118,0.00695245784763255,
3243608.452460047,0.31919863834415446,3243608.452460047,0.006952670097893488,
3328290.509359523,0.31027881643999566,3328290.509359523,0.006953604465399262,
3415183.391291006,0.3015650008130751,3415183.391291006,0.0069552647918636945,
3504344.817061772,0.2930514047969367,3504344.817061772,0.00695765678254392,
3595834.0123648434,0.28473237422588377,3595834.0123648434,0.006960788034872373,
3689711.7491197856,0.27660238369185886,3689711.7491197856,0.0069646680717192115,
3786040.3858406134,0.2686560328858151,3786040.3858406134,0.006969308379510992,
3884883.9090575757,0.2608880430214776,3884883.9090575757,0.006974722451445597,
3986307.975820371,0.2532932533394935,3986307.975820371,0.006980925836059168,
4090379.957310996,0.24586661769010235,4090379.957310996,0.006987936191419677,
4197168.98359522,0.23860320119259354,4197168.98359522,0.006995773345242595,
4306745.989542398,0.2314981769699741,4306745.989542398,0.007004459361248249,
4419183.7619441245,0.2245468229574612,4419183.7619441245,0.007014018612107486,
4534556.987863045,0.21774451878361928,4534556.987863045,0.007024477859352739,
4652942.304243912,0.21108674272323094,4652942.304243912,0.007035866340666103,
4774418.348819862,0.20456906872127992,4774418.348819862,0.00704821586499464,
4899065.81234772,0.19818716348780427,4899065.81234772,0.0070615609159867,
5026967.4922070345,0.19193678366381467,5026967.4922070345,0.00707593876429221,
5158208.34739843,0.18581377305902577,5158208.34739843,0.0070913895893250836,
5292875.554977833,0.17981405996281294,5292875.554977833,0.007107956611148491,
5431058.567964047,0.17393365453064483,5431058.567964047,0.007125686233214362,
5572849.17475813,0.16816864624927477,5572849.17475813,0.007144628196768527,
5718341.560114059,0.1625152014852807,5718341.560114059,0.007164835747824015,
5867632.367701194,0.1569695611231777,5867632.367701194,0.007186365817708465,
6020820.7643000595,0.15152803830141257,6020820.7643000595,0.007209279218309853,
6178008.505674121,0.1461870162572031,6178008.505674121,0.007233640853280175,
6339300.0041612955,0.14094294629458803,6339300.0041612955,0.007259519946611742,
6504802.398030102,0.1357923458944518,6504802.398030102,0.0072869902901795845,
6674625.622646518,0.13073179699099707,6674625.622646518,0.007316130512049636,
6848882.483498813,0.1257579444466035,6848882.483498813,0.007347024367590905,
7027688.731128855,0.12086749476684805,7027688.731128855,0.007379761055707114,
7211163.138019708,0.1160572151104961,7211163.138019708,0.007414435562825919,
7399427.577490523,0.11132393266672767,7399427.577490523,0.007451149037660863,
7592607.1046512,0.10666453449536624,7592607.1046512,0.007490009200203026,
7790830.039470539,0.1020759679578937,7790830.039470539,0.007531130788918966,
7994228.052013091,0.09755524191099856,7994228.052013091,0.007574636050744437,
8202936.249901319,0.09309942889545499,8202936.249901319,0.0076206552791887126,
8417093.268061165,0.08870566863885392,8417093.268061165,0.007669327406726201,
8636841.360810637,0.08437117331254401,8636841.360810637,0.007720800658679019,
8862326.49635257,0.08009323515860556,8862326.49635257,0.007775233277022742,
9093698.453734381,0.07586923735902802,9093698.453734381,0.007832794324022728,
9331110.922339143,0.07169666939962822,9331110.922339143,0.007893664577386153,
9574721.603974145,0.06757314875530854,9574721.603974145,0.007958037530765752,
9824692.317624696,0.06349645160584551,9824692.317624696,0.00802612051606428,
1.0081189106942758E7,0.05946455667618583,1.0081189106942758E7,0.008098135967175724,
1.0344382350541888E7,0.055475708516979076,1.0344382350541888E7,0.008174322848703985,
1.0614446875171598E7,0.051528510194267935,1.0614446875171598E7,0.008254938278004099,
1.0891562071846472E7,0.04762206152908497,1.0891562071846472E7,0.008340259374830773,
1.117591201500708E7,0.04375616977125941,1.117591201500708E7,0.008430585380256407,
1.1467685584791863E7,0.03993167892164984,1.1467685584791863E7,0.008526240095731335,
1.1767076592501236E7,0.03615099998391093,1.1767076592501236E7,0.008627574704716943,
1.2074283909337193E7,0.03241899444850108,1.2074283909337193E7,0.00873497105390601,
1.2389511598504009E7,0.028744505149863417,1.2389511598504009E7,0.008848845489551572,
1.2712969050757686E7,0.02514312862424424,1.2712969050757686E7,0.008969653368050978,
1.3044871123494318E7,0.021642482174948484,1.3044871123494318E7,0.009097894390282413,
1.338543828346958E7,0.018292690574424172,1.338543828346958E7,0.009234118948438057,
1.3734896753244353E7,0.01518791010442925,1.3734896753244353E7,0.009378935725202375,
1.4093478661453571E7,0.012508954911099036,1.4093478661453571E7,0.00953302085215604,
1.4461422196998253E7,0.010586107797913736,1.4461422196998253E7,0.009697129022889606,
1.4838971767263053E7,0.009879566010669492,1.4838971767263053E7,0.009872107074384911,
1.5226378160464441E7,0.010647980236215883,1.5226378160464441E7,0.010058910708927964,
1.5623898712237412E7,0.012641560488584934,1.5623898712237412E7,0.010258625244089666,
1.6031797476571284E7,0.015409966870834848,1.6031797476571284E7,0.010472491573146461,
1.6450345401208192E7,0.01863041480524376,1.6450345401208192E7,0.010701938926283324,
1.6879820507620815E7,0.022127135083745593,1.6879820507620815E7,0.010948626593630198,
1.7320508075688772E7,0.025810025718250133,1.7320508075688772E7,0.011214497578882909,
1.7772700833196502E7,0.029633013594395224,1.7772700833196502E7,0.011501848309622642,
1.823669915027842E7,0.03357306416179753,1.823669915027842E7,0.011813420210971532,
1.8712811238940425E7,0.0376200361583762,1.8712811238940425E7,0.012152521424241858,
1.920135335779059E7,0.04177170833876669,1.920135335779059E7,0.012523190653213378,
1.970265002211459E7,0.04603132577424708,1.970265002211459E7,0.012930420745956472,
2.0217034219435878E7,0.05040645877768568,2.0217034219435878E7,0.013380468321673524,
2.0744847630703334E7,0.054908622876049085,2.0744847630703334E7,0.013881289468957687,
2.128644085725381E7,0.05955341677207987,2.128644085725381E7,0.014443163609634265,
2.1842173653699733E7,0.06436109542624026,2.1842173653699733E7,0.015079603911954405,
2.2412415166897193E7,0.0693575951195266,2.2412415166897193E7,0.015808713737503397,
2.299754418115241E7,0.07457610857852712,2.299754418115241E7,0.016655254111291425,
2.3597949369830348E7,0.08005939407572352,2.3597949369830348E7,0.01765387433422895,
2.421402955353171E7,0.08586310638273925,2.421402955353171E7,0.018854299175266168,
2.484619396501074E7,0.09206055866723811,2.484619396501074E7,0.02032990641064223,
2.549486252100882E7,0.09874941363738092,2.549486252100882E7,0.022192361511198844,
2.6160466101185407E7,0.10606063503055067,2.6160466101185407E7,0.024617395446155325,
2.6843446834330678E7,0.11416875732999557,2.6843446834330678E7,0.02789154741977125,
2.7544258392050866E7,0.12329706643891208,2.7544258392050866E7,0.03249838437084197,
2.826336629012052E7,0.13369048783224582,2.826336629012052E7,0.03927416884276874,
2.9001248197702657E7,0.14545363589059443,2.9001248197702657E7,0.04964702770600974,
2.9758394254641507E7,0.15790420375340847,2.9758394254641507E7,0.06571897233082716,
3.053530739703926E7,0.1675821320938423,3.053530739703926E7,0.08852247277352568,
3.1332503691332396E7,0.16542615835827817,3.1332503691332396E7,0.11013486456080573,
3.215051267709027E7,0.14427379953811065,3.215051267709027E7,0.11073247020660328,
3.298987771876285E7,0.11715904272198335,3.298987771876285E7,0.09063657228457275,
3.385115636661203E7,0.10141818640848312,3.385115636661203E7,0.06968356689545697,
3.4734920727065735E7,0.0985310524371501,3.4734920727065735E7,0.055559024346224575,
3.56417578427408E7,0.10279569170952997,3.56417578427408E7,0.04719928852307806,
3.657227008238775E7,0.11000615171305281,3.657227008238775E7,0.042553036613496624,
3.7527075541015424E7,0.11827720344278599,3.7527075541015424E7,0.04025995593757478,
3.8506808450462334E7,0.12691621036052947,3.8506808450462334E7,0.03956367181850043,
3.951211960068644E7,0.13571144410398012,3.951211960068644E7,0.04008079654550284,
4.0543676772054225E7,0.14462916453909697,4.0543676772054225E7,0.04165677183126599,
4.160216517891513E7,0.15368935703408326,4.160216517891513E7,0.044293523560733995,
4.268828792475718E7,0.16290181628371667,4.268828792475718E7,0.048117554219447696,
4.380276646924481E7,0.17220730605321705,4.380276646924481E7,0.05336247961838207,
4.494634110745057E7,0.18138763222041138,4.494634110745057E7,0.0603314412458942,
4.611977146159754E7,0.1899131915808773,4.611977146159754E7,0.06926932140231248,
4.732383698564064E7,0.1967295019285216,4.732383698564064E7,0.08001435573143996,
4.855933748302037E7,0.20014264586449107,4.855933748302037E7,0.09132692045116053,
4.982709363793462E7,0.1983169531783084,4.982709363793462E7,0.10030865826369897,
5.11279475604797E7,0.1908773527430869,5.11279475604797E7,0.10337017196237043,
5.246276334602446E7,0.1803998897245094,5.246276334602446E7,0.09921988734081391,
5.3832427649187274E7,0.17117010873213645,5.3832427649187274E7,0.09024168021309371,
5.523785027279898E7,0.166109411888103,5.523785027279898E7,0.08004570297346737,
5.667996477224115E7,0.1656058767994319,5.667996477224115E7,0.07095239020488998,
5.815972907556299E7,0.1685958229948834,5.815972907556299E7,0.06373100068814765,
5.967812611978684E7,0.1738159545209031,5.967812611978684E7,0.05832012394400412,
6.123616450382706E7,0.18032224439124372,6.123616450382706E7,0.05439155515326449,
6.283487915845369E7,0.1875264120066922,6.283487915845369E7,0.05160145975149162,
6.447533203374823E7,0.19509295723325468,6.447533203374823E7,0.04966655615733051,
6.615861280450639E7,0.20284042496604845,6.615861280450639E7,0.04837219718733485,
6.788583959405692E7,0.21067536040133955,6.788583959405692E7,0.04756068476201446,
6.965815971697828E7,0.21855315352998578,6.965815971697828E7,0.04711706100058805,
7.147675044120458E7,0.22645590119543849,7.147675044120458E7,0.04695723937545762,
7.334281977002917E7,0.2343801116896596,7.334281977002917E7,0.04701915216954764,
7.525760724452321E7,0.24232991480024868,7.525760724452321E7,0.047256429855604014,
7.722238476690446E7,0.25031332134135514,7.722238476690446E7,0.04763395926810162,
7.923845744540069E7,0.25834017257545505,7.923845744540069E7,0.04812477073904362,
8.130716446117172E7,0.26642102998040357,8.130716446117172E7,0.04870784817053056,
8.3429879957863E7,0.27456659038229964,8.3429879957863E7,0.04936657721152496,
8.560801395438474E7,0.2827873949483613,8.560801395438474E7,0.05008763579681204,
8.784301328151931E7,0.29109370182350885,8.784301328151931E7,0.05086019334904797,
9.013636254298317E7,0.2994954486500294,9.013636254298317E7,0.05167532719029421,
9.248958510157762E7,0.3080022630026189,9.248958510157762E7,0.05252559325630048,
9.49042440910869E7,0.3166234968512211,9.49042440910869E7,0.0534047075004651,
9.738194345459293E7,0.32536827153210424,9.738194345459293E7,0.05430730747321783,
9.992432900989917E7,0.33424552569004506,9.992432900989917E7,0.05522877251797275,
1.0253308954276818E8,0.34326406211749855,1.0253308954276818E8,0.05616508719908163,
1.0520995792870261E8,0.35243259141988764,1.0520995792870261E8,0.057112736873382426,
1.0795671228401098E8,0.3617597715877394,1.0795671228401098E8,0.058068627335121525,
1.1077517714692673E8,0.37125424320910616,1.1077517714692673E8,0.05903002260528138,
1.1366722468956119E8,0.38092466041561024,1.1366722468956119E8,0.05999449647049419,
1.1663477596149938E8,0.3907797178440258,1.1663477596149938E8,0.060959894486761104,
1.196798021658608E8,0.40082817398426035,1.196798021658608E8,0.06192430397422966,
1.2280432596867703E8,0.41107887131651905,1.2280432596867703E8,0.06288603012757646,
1.260104228424518E8,0.42154075364043964,1.260104228424518E8,0.06384357681207335,
1.2930022244479847E8,0.43222288098197975,1.2930022244479847E8,0.0647956309502385,
1.3267591003307112E8,0.4431344424383912,1.3267591003307112E8,0.06574104965780857,
1.361397279159259E8,0.4542847672927287,1.361397279159259E8,0.0666788494818,
1.3969397694278127E8,0.46568333469978,1.3969397694278127E8,0.06760819724287367,
1.433410180321614E8,0.47733978221646745,1.433410180321614E8,0.06852840210009084,
1.4708327373994344E8,0.48926391342251274,1.4708327373994344E8,0.06943890854650724,
1.5092322986854473E8,0.5014657048516287,1.5092322986854473E8,0.07033929011481124,
1.5486343711812443E8,0.5139553124299189,1.5486343711812443E8,0.07122924362778976,
1.5890651278089103E8,0.5267430775963844,1.5890651278089103E8,0.0721085838720953,
1.6305514247964624E8,0.5398395332604896,1.6305514247964624E8,0.07297723860811388,
1.6731208195171508E8,0.5532554097333917,1.6731208195171508E8,0.07383524385560271,
1.7168015887945265E8,0.5670016407527652,1.7168015887945265E8,0.07468273941568601,
1.7616227476853734E8,0.581089369705918,1.7616227476853734E8,0.07551996460593043,
1.8076140687530464E8,0.5955299561421611,1.8076140687530464E8,0.07634725419750404,
1.854806101843952E8,0.610334982653008,1.854806101843952E8,0.07716503455260071,
1.903230194380375E8,0.6255162621877808,1.903230194380375E8,0.07797381996699809,
1.952918512183062E8,0.6410858458624406,1.952918512183062E8,0.07877420922730367,
2.003904060837464E8,0.6570560313110323,2.003904060837464E8,0.07956688239555182,
2.056220707617757E8,0.6734393716218481,2.056220707617757E8,0.08035259783567557,
2.1099032039832824E8,0.6902486848943694,2.1099032039832824E8,0.08113218949728715,
2.1649872086622646E8,0.707497064448062,2.1649872086622646E8,0.08190656447238841,
2.2215093113382313E8,0.7251978897102741,2.2215093113382313E8,0.08267670084030257,
2.2795070569547775E8,0.7433648378075917,2.2795070569547775E8,0.08344364581543048,
2.3390189706549025E8,0.7620118958831952,2.3390189706549025E8,0.08420851421152811,
2.400084583371423E8,0.7811533741617607,2.400084583371423E8,0.08497248723518443,
2.4627444580854824E8,0.800803919783416,2.4627444580854824E8,0.08573681162014594,
2.5270402167706278E8,0.8209785314289784,2.5270402167706278E8,0.08650279911315208,
2.593014568040286E8,0.8416925747601928,2.593014568040286E8,0.08727182632107452,
2.6607113355170837E8,0.8629617987009568,2.6607113355170837E8,0.08804533492844306,
2.7301754869427735E8,0.8848023525883517,2.7301754869427735E8,0.08882483229391049,
2.8014531640481913E8,0.9072308042259252,2.8014531640481913E8,0.0896118924339033,
2.8745917132029814E8,0.9302641588757415,2.8745917132029814E8,0.09040815740162425,
2.94963971686557E8,0.9539198792305452,2.94963971686557E8,0.0912153390697425,
3.0266470258541495E8,0.9782159064126349,3.0266470258541495E8,0.09203522132552973,
3.1056647924602354E8,1.0031706820519979,3.1056647924602354E8,0.09286966268788484,
3.186745504426673E8,1.0288031715026753,3.186745504426673E8,0.09372059935663896,
3.2699430198127687E8,1.055132888263415,3.2699430198127687E8,0.09459004870575269,
3.355312602769618E8,1.082179919676296,3.355312602769618E8,0.0954801132335105,
3.442910960249472E8,1.1099649539853378,3.442910960249472E8,0.09639298498459073,
3.5327962796734446E8,1.1385093088460365,3.5327962796734446E8,0.09733095046094972,
3.625028267582676E8,1.1678349613865346,3.625028267582676E8,0.09829639604081403,
3.7196681892985106E8,1.1979645799315706,3.7196681892985106E8,0.09929181392774157,
3.816778909618178E8,1.2289215575117962,3.816778909618178E8,0.10031980865470301,
3.9164249345728445E8,1.260730047293331,3.9164249345728445E8,0.10138310417147142,
4.018672454275939E8,1.293415000075886,4.018672454275939E8,0.10248455154731967,
4.123589386890061E8,1.327002204022332,4.123589386890061E8,0.10362713732513515,
4.2312454237418175E8,1.3615183267985458,4.2312454237418175E8,0.10481399256761686,
4.341712075614423E8,1.3969909603197246,4.341712075614423E8,0.10604840264125542,
4.4550627202489406E8,1.4334486683184409,4.4550627202489406E8,0.10733381778937513,
4.57137265108561E8,1.470921036970558,4.57137265108561E8,0.10867386455168797,
4.690719127277684E8,1.5094387288381332,4.690719127277684E8,0.11007235809465923,
4.813181425011043E8,1.5490335404137157,4.813181425011043E8,0.11153331552457714,
4.93884089016355E8,1.5897384635783434,4.93884089016355E8,0.11306097026367544,
5.067780992339292E8,1.6315877513164287,5.067780992339292E8,0.11465978757906335,
5.200087380313423E8,1.6746169880648278,5.200087380313423E8,0.11633448136472181,
5.3358479389246154E8,1.7188631651113566,5.3358479389246154E8,0.11809003228857089,
5.475152847452728E8,1.7643647615000233,5.475152847452728E8,0.11993170742976526,
5.618094639520661E8,1.811161830947184,5.618094639520661E8,0.12186508154614917,
5.764768264559989E8,1.8592960953249638,5.764768264559989E8,0.1238960601284134,
5.915271150881405E8,1.9088110453266913,5.915271150881405E8,0.12603090441623027,
6.069703270391653E8,1.959752048994161,6.069703270391653E8,0.12827625857279004,
6.228167205000167E8,2.0121664688597436,6.228167205000167E8,0.13063917923811338,
6.390768214759301E8,2.066103788538138,6.390768214759301E8,0.1331271677086619,
6.557614307783623E8,2.121615749694819,6.557614307783623E8,0.1357482050216374,
6.72881631199451E8,2.1787565004217884,6.72881631199451E8,0.13851079025750287,
6.904487948737932E8,2.2375827561683064,6.904487948737932E8,0.14142398241437373,
7.084745908324059E8,2.2981539745062807,7.084745908324059E8,0.14449744625380093,
7.26970992753915E8,2.3605325451596606,7.26970992753915E8,0.14774150257004828,
7.459502869180933E8,2.4247839968966627,7.459502869180933E8,0.1511671833953595,
7.654250803670594E8,2.4909772230764706,7.654250803670594E8,0.154786292723243,
7.854083092795283E8,2.559184727861304,7.854083092795283E8,0.15861147341202086,
8.059132475637066E8,2.6294828953551797,8.059132475637066E8,0.16265628102368504,
8.269535156745106E8,2.7019522842166843,8.269535156745106E8,0.166935265460663,
8.485430896609942E8,2.7766779506210737,8.485430896609942E8,0.17146406138813053,
8.706963104499688E8,2.853749802823333,8.706963104499688E8,0.17625948857516924,
8.934278933719968E8,2.933262991007336,8.934278933719968E8,0.18133966345825972,
9.167529379360927E8,3.0153183366061587,9.167529379360927E8,0.1867241234299542,
9.406869378595995E8,3.100022805856919,9.406869378595995E8,0.19243396558975895,
9.65245791359937E8,3.187490033024343,9.65245791359937E8,0.19849200197016267,
9.904458117150223E8,3.277840899506908,9.904458117150223E8,0.2049229335767692,
1.0163037380994138E9,3.3712041759489972,1.0163037380994138E9,0.21175354596796053,
1.0428367467033379E9,3.4677172355454977,1.0428367467033379E9,0.21901292955907603,
1.0700624621420252E9,3.56752684797256,1.0700624621420252E9,0.22673272838446484,
1.0979989691628947E9,3.6707900648450607,1.0979989691628947E9,0.23494742170731925,
1.126664824658401E9,3.777675209332764,1.126664824658401E9,0.24369464365619514,
1.1560790699924822E9,3.8883629846171193,1.1560790699924822E9,0.2530155470187813,
1.1862612436488461E9,4.003047718306551,1.1862612436488461E9,0.26295521847590486,
1.217231394209443E9,4.121938762832395,1.217231394209443E9,0.27356315395991593,
1.249010093671796E9,4.245262075324125,1.249010093671796E9,0.2848938045325004,
1.2816184511139884E9,4.37326200463896,1.2816184511139884E9,0.2970072052752622,
1.3150781267164316E9,4.506203318259871,1.3150781267164316E9,0.3099697022718014,
1.3494113461496813E9,4.644373507879565,1.3494113461496813E9,0.3238547959608334,
1.3846409153379054E9,4.788085419915223,1.3846409153379054E9,0.33874412312274893,
1.4207902356077595E9,4.9376802662765265,1.4207902356077595E9,0.35472860474397166,
1.4578833192327912E9,5.093531081859114,1.4578833192327912E9,0.3719097932696905,
1.4959448053836343E9,5.256046708997179,1.4959448053836343E9,0.3904014606824601,
1.5349999764946537E9,5.425676406184498,1.5349999764946537E9,0.41033147893285477,
1.5750747750578487E9,5.602915199675778,1.5750747750578487E9,0.43184405716977076,
1.6161958208552275E9,5.788310123310285,1.6161958208552275E9,0.45510241687821873,
1.6583904286410599E9,5.982467525640763,1.6583904286410599E9,0.48029200766392316,
1.7016866262857587E9,6.186061666312833,1.7016866262857587E9,0.5076243947179085,
1.7461131733934777E9,6.399844878450136,1.7461131733934777E9,0.5373419862905048,
1.791699580405731E9,6.62465964437986,1.791699580405731E9,0.5697238190711584,
1.838476128203791E9,6.861453023589798,1.838476128203791E9,0.6050926858172018,
1.8864738882228227E9,7.1112939914970354,1.8864738882228227E9,0.6438239794672943,
1.9357247430911732E9,7.375394405359185,1.9357247430911732E9,0.6863567507699249,
1.9862614078084712E9,7.655134523371663,1.9862614078084712E9,0.7332076459276551,
2.0381174514766598E9,7.952094284336921,2.0381174514766598E9,0.7849886272112298,
2.091327319598338E9,8.26809193637636,2.091327319598338E9,0.8424297132601399,
2.145926356957284E9,8.605232124626694,2.145926356957284E9,0.9064084527678301,
2.201950831096299E9,8.965966269156901,2.201950831096299E9,0.9779885359673985,
2.259437956408027E9,9.35316907345932,2.259437956408027E9,1.0584709627898536,
2.3184259188546853E9,9.770236432750925,2.3184259188546853E9,1.149462699212827,
2.3789539013332043E9,10.221212060437981,2.3789539013332043E9,1.252970045735849,
2.441062109702539E9,10.71095312918213,2.441062109702539E9,1.371527477259879,
2.504791799490533E9,11.245349612119824,2.504791799490533E9,1.508378269230133,
2.5701853032979736E9,11.83161857287782,2.5701853032979736E9,1.6677321337252287,
2.637286058918157E9,12.478704613112813,2.637286058918157E9,1.8551396903571085,
2.706138638190516E9,13.197833025107148,2.706138638190516E9,2.078048096493264,
2.7767887766075997E9,14.003286147002832,2.7767887766075997E9,2.3466443199143554,
2.849283403694962E9,14.913511242383644,2.849283403694962E9,2.6751670605294597,
2.923670674184234E9,15.952728320491499,2.923670674184234E9,3.084003841900989,
3.0E9,17.15330122759651,3.0E9,3.6031434419420214,
