#GR321BD7LP223KW01,,#GR321BD7LP223KW01,,
#2023/01/18,,#2023/01/18,,
#z,,#r,,
#DC0V 25degC,,#DC0V 25degC,,
Frequency[Hz],Impedance[ohm],Frequency[Hz],Resistance[ohm],
99999.99999999999,74.87796494381261,99999.99999999999,0.3202970347616862,
102610.7361027269,72.97957948179298,102610.7361027269,0.3115530095589517,
105289.63163543465,71.12924042319595,105289.63163543465,0.3029296315276316,
108038.46606096912,69.32572805680387,108038.46606096912,0.2944355219923828,
110859.0652992552,67.56785431673943,110859.0652992552,0.2860786999889401,
113753.30294016848,65.85446193332064,113753.30294016848,0.2778665607455929,
116723.10148807177,64.18442360350647,116723.10148807177,0.2698058596865886,
119770.43363884346,62.55664118102653,119770.43363884346,0.2619027018655825,
122897.32359024532,60.97004488626811,122897.32359024532,0.2541625366678811,
126105.84838650099,59.423592535965284,126105.84838650099,0.24659015755627217,
129398.13929797744,57.91626879269891,129398.13929797744,0.23918970658104544,
132776.3832368866,56.447084434175835,132776.3832368866,0.23196468332822073,
136242.82420994705,55.01507564221103,136242.82420994705,0.22491795794326563,
139799.7648089709,53.619303311288895,139799.7648089709,0.2180517878392808,
143449.567740366,52.25885237653339,143449.567740366,0.21136783767987952,
147194.65739456945,50.93283116086714,147194.65739456945,0.20486720221575289,
151037.52145645468,49.64037074109671,151037.52145645468,0.19855043155151086,
154980.71255778224,48.38062433261513,154980.71255778224,0.1924175584235984,
159026.84997279174,47.15276669237428,159026.84997279174,0.18646812708065444,
163178.62135806077,45.955993539744235,163178.62135806077,0.18070122337379996,
167438.78453778772,44.789520994842825,167438.78453778772,0.1751155056851363,
171810.1693356829,43.652585033894034,171810.1693356829,0.16970923634710375,
176295.6794546858,42.54444096115034,176295.6794546858,0.16448031323221537,
180898.294405757,41.464362896897406,180898.294405757,0.15942630122207208,
185621.0714870253,40.41164328104587,185621.0714870253,0.15454446329473304,
190467.14781460565,39.38559239180874,190467.14781460565,0.14983179100019287,
195439.74240643583,38.38553787895717,195439.74240643583,0.14528503412440955,
200542.1583205171,37.41082431114831,200542.1583205171,0.14090072937244152,
205777.78484897866,36.460812736822525,205777.78484897866,0.13667522792992642,
211150.0997694226,35.534880258173644,211150.0997694226,0.1326047217898068,
216662.67165504684,34.6324196177056,216662.67165504684,0.128685268756854,
222319.16224507784,33.75283879689998,222319.16224507784,0.12491281606643094,
228123.3288770901,32.89556062653323,228123.3288770901,0.12128322257561014,
234079.0269828268,32.06002240819723,234079.0269828268,0.11779227950460057,
240190.21264917936,31.245675546592473,240190.21264917936,0.11443572972377895,
246460.945246028,30.45198519218157,246460.945246028,0.11120928559712163,
252895.39012268803,29.678429893807138,252895.39012268803,0.10810864540614232,
259497.8213747532,28.92450126089703,259497.8213747532,0.10512950838977496,
266272.6246831737,28.189703634897274,266272.6246831737,0.10226758844518277,
273224.30022745585,27.473553769591465,273224.30022745585,0.09951862654214876,
280357.46567491704,26.775580519982366,280357.46567491704,0.0968784019099615,
287676.85924798227,26.095324539429228,287676.85924798227,0.09434274206024466,
295187.34287156025,25.432337984750532,295187.34287156025,0.09190753171266404,
302893.9054025884,24.78618422901796,302893.9054025884,0.08956872069250868,
310801.6659438933,24.156437581782757,310801.6659438933,0.08732233087028872,
318915.8772445672,23.542683016490102,318915.8772445672,0.08516446221372818,
327241.92918911943,22.944515904851112,327241.92918911943,0.08309129802180683,
335785.3523777198,22.36154175795494,335785.3523777198,0.08109910940931078,
344551.82179991365,21.793375973915758,344551.82179991365,0.07918425910837457,
353547.16060424736,21.239643591861167,353547.16060424736,0.07734320465117688,
362777.3439663084,20.699979052079062,362777.3439663084,0.07557250099501783,
372248.50305775064,20.17402596215005,372248.50305775064,0.07386880264807387,
381966.9291189398,19.66143686890198,381966.9291189398,0.07222886535045453,
391939.0776379254,19.16187303603194,391939.0776379254,0.07064954736174879,
402171.5726385136,18.675004227248504,402171.5726385136,0.0691278104023292,
412671.21108029195,18.20050849479494,412671.21108029195,0.06766072029180628,
423444.9673735255,17.73807197322071,423444.9673735255,0.06624544732399017,
434499.9980119262,17.28738867827431,434499.9980119262,0.06487926641365734,
445843.64632637135,16.848160310796704,445843.64632637135,0.0635595570463868,
457483.44736272807,16.420096065499145,457483.44736272807,0.06228380305858918,
469427.1328870264,16.002912444513964,469427.1328870264,0.0610495922709145,
481682.6365213039,15.596333075610488,481682.6365213039,0.059854615994228894,
494258.0990135325,15.200088534972275,494258.0990135325,0.058696668423491395,
507161.87364513054,14.81391617443424,507161.87364513054,0.05757364593120885,
520402.53177965025,14.437559953081108,520402.53177965025,0.05648354626847839,
533988.8685563265,14.07077027311043,533988.8685563265,0.05542446767838238,
547929.9087322695,13.713303819865303,547929.9087322695,0.05439460792323936,
562234.9126771817,13.36492340594262,562234.9126771817,0.053392263224424356,
576913.38252458,13.025397819283953,576913.38252458,0.052415827110845276,
591975.068483612,12.694501675156292,591975.068483612,0.0514637891698938,
607429.975315656,12.372015271930039,607429.975315656,0.05053473369286478,
623288.3689800071,12.057724450561587,623288.3689800071,0.04962733820529634,
639560.783453066,11.75142045768718,639560.783453066,0.04874037187167302,
656258.0277255583,11.452899812234401,656258.0277255583,0.04787269376332568,
673391.1929824331,11.161964175456902,673391.1929824331,0.04702325097825986,
690971.6599702089,10.878420224297066,690971.6599702089,0.04619107660201704,
709011.1065566628,10.602079527980962,709011.1065566628,0.04537528749952062,
727521.5154878813,10.332758427748919,727521.5154878813,0.04457508192925934,
746515.1823478293,10.070277919625026,746515.1823478293,0.04378973697290744,
766004.7237257219,9.81446354012849,766004.7237257219,0.0430186057757836,
786003.0855966229,9.56514525482988,786003.0855966229,0.04226111459614979,
806523.5519208414,9.322157349656107,806523.5519208414,0.04151675966433271,
827579.7534678341,9.085338324848692,827579.7534678341,0.04078510385586098,
849185.6768704772,8.854530791481526,849185.6768704772,0.040065773186233555,
871355.6739157209,8.629581370446234,871355.6739157209,0.039358453138435744,
894104.471077798,8.410340593815969,894104.471077798,0.03866288483781009,
917447.1793003217,8.196662808501216,917447.1793003217,0.03797886109233239,
941399.3040337649,7.988406082115201,941399.3040337649,0.03730622231952744,
965976.7555349944,7.785432110970285,965976.7555349944,0.03664485238421326,
991195.8594356966,7.587606130131283,991195.8594356966,0.035994674373813866,
1017073.3675867188,7.394796825456811,1017073.3675867188,0.03535564634007359,
1043626.4691855257,7.2068762475645975,1043626.4691855257,0.034727757037597,
1070872.8021941665,7.023719727662346,1070872.8021941665,0.03411102169064414,
1098830.4650553332,6.845205795191185,1098830.4650553332,0.033505477820005465,
1127518.0287142945,6.671216097234125,1127518.0287142945,0.032911181161575556,
1156954.5489546934,6.50163531964752,1156954.5489546934,0.03232820170738788,
1187159.579056395,6.3363511098786045,1187159.579056395,0.03175661989844995,
1218153.1827838013,6.175254001437052,1218153.1827838013,0.03119652299671383,
1249955.947713255,6.018237339993129,1249955.947713255,0.03064800166101855,
1282588.9989083875,5.865197211078892,1282588.9989083875,0.030111146748914738,
1316074.0129524926,5.716032369372613,1316074.0129524926,0.029586046362985584,
1350433.23234725,5.570644169549369,1350433.23234725,0.029072783156734103,
1385689.480287362,5.42893649868332,1385689.480287362,0.02857143191137722,
1421866.175820913,5.290815710188867,1421866.175820913,0.028082057391077546,
1458987.3494055322,5.156190559289152,1458987.3494055322,0.02760471248035631,
1497077.6588706812,5.024972140000997,1497077.6588706812,0.027139436603723453,
1536162.4057966769,4.897073823625579,1536162.4057966769,0.02668625442404319,
1576267.5523213292,4.7724111987336695,1576267.5523213292,0.02624517481287271,
1617419.7383853518,4.650902012633626,1617419.7383853518,0.02581619008303508,
1659646.29942801,4.532466114309216,1659646.29942801,0.02539927547105143,
1702975.284544748,4.417025398812874,1702975.284544748,0.024994388854811832,
1747435.4751188746,4.304503753098459,1747435.4751188746,0.02460147069000419,
1793056.4039396606,4.194827003275845,1793056.4039396606,0.024220444147375786,
1839868.3748195693,4.087922863267784,1839868.3748195693,0.02385121543185333,
1887902.4827236389,3.9837208848476835,1887902.4827236389,0.023493674263893705,
1937190.6344243828,3.8821524090350934,1937190.6344243828,0.02314769450314426,
1987765.5696959447,3.7831505188240193,1987765.5696959447,0.02281313489454111,
2039660.8830615724,3.686649993217452,2039660.8830615724,0.022489839917326133,
2092911.0461088594,3.59258726254022,2092911.0461088594,0.022177640718079237,
2147551.430387583,3.5009003650008617,2147551.430387583,0.02187635610970835,
2203618.33090534,3.4115289044721946,2203618.33090534,0.02158579361936979,
2261148.9902365943,3.324414009459368,2261148.9902365943,0.021305750569465733,
2320181.6232611462,3.2394982932236203,2320181.6232611462,0.021036015177149852,
2380755.4425484603,3.156725815029338,2380755.4425484603,0.020776367659126965,
2442910.684404709,3.0760420424819586,2442910.684404709,0.020526581329924198,
2506688.6355998362,2.9973938149240977,2506688.6355998362,0.020286423683212023,
2572131.660792394,2.920729307857438,2572131.660792394,0.02005565744714052,
2639283.2306703706,2.8459979983581976,2639283.2306703706,0.019834041605999764,
2708187.9508266994,2.7731506314544747,2708187.9508266994,0.019621332381802487,
2778891.5913886325,2.7021391874342466,2778891.5913886325,0.019417284170605897,
2851441.1174206585,2.6329168500535807,2851441.1174206585,0.019221650429524933,
2925884.720121159,2.5654379756152625,2925884.720121159,0.0190341845114352,
3002271.8488335325,2.499658062888984,3002271.8488335325,0.018854640445317764,
3080653.243893036,2.435533723845044,3080653.243893036,0.01868277366105223,
3161080.97033118,2.3730226551745215,3161080.97033118,0.018518341658226044,
3243608.452460047,2.312083610569774,3243608.452460047,0.01836110461919209,
3328290.509359523,2.252676373740126,3328290.509359523,0.018210825967182574,
3415183.391291006,2.194761732138605,3415183.391291006,0.01806727287077358,
3504344.817061772,2.138301451376492,3504344.817061772,0.017930216696403066,
3595834.0123648434,2.083258250303479,3595834.0123648434,0.017799433410975146,
3689711.7491197856,2.029595776732147,3689711.7491197856,0.01767470393684736,
3786040.3858406134,1.9772785837863212,3786040.3858406134,0.0175558144616975,
3884883.9090575757,1.926272106853865,3884883.9090575757,0.017442556705911376,
3986307.975820371,1.8765426411251664,3986307.975820371,0.017334728150228254,
4090379.957310996,1.8280573196995404,4090379.957310996,0.017232132226432734,
4197168.98359522,1.7807840922423988,4197168.98359522,0.01713457847389682,
4306745.989542398,1.7346917041768597,4306745.989542398,0.017041882664759606,
4419183.7619441245,1.6897496763941324,4419183.7619441245,0.01695386690048788,
4534556.987863045,1.6459282854676787,4534556.987863045,0.01687035968249656,
4652942.304243912,1.603198544356746,4652942.304243912,0.016791195959424677,
4774418.348819862,1.561532183585494,4774418.348819862,0.01671621715356625,
4899065.81234772,1.520901632884435,4899065.81234772,0.016645271168848588,
5026967.4922070345,1.4812800032814617,5026967.4922070345,0.01657821238263595,
5158208.34739843,1.4426410696302052,5158208.34739843,0.01651490162351826,
5292875.554977833,1.4049592535638993,5292875.554977833,0.0164552061371221,
5431058.567964047,1.3682096068634015,5431058.567964047,0.01639899954185998,
5572849.17475813,1.3323677952283703,5572849.17475813,0.0163461617764125,
5718341.560114059,1.2974100824410097,5718341.560114059,0.016296579040619118,
5867632.367701194,1.2633133149121245,5867632.367701194,0.01625014373133845,
6020820.7643000595,1.2300549065995783,6020820.7643000595,0.016206754374727853,
6178008.505674121,1.1976128242895605,6178008.505674121,0.016166315556286094,
6339300.0041612955,1.1659655732313496,6339300.0041612955,0.01612873784990265,
6504802.398030102,1.1350921831165623,6504802.398030102,0.016093937747062616,
6674625.622646518,1.1049721943941462,6674625.622646518,0.01606183758726771,
6848882.483498813,1.0755856449126096,6848882.483498813,0.016032365490651734,
7027688.731128855,1.0469130568812473,7027688.731128855,0.016005455293693283,
7211163.138019708,1.0189354241423592,7211163.138019708,0.01598104648885814,
7399427.577490523,0.9916341997466541,7399427.577490523,0.015959084168941644,
7592607.1046512,0.9649912838242888,7592607.1046512,0.015939518976822664,
7790830.039470539,0.9389890117441749,7790830.039470539,0.015922307061290747,
7994228.052013091,0.9136101425544169,7994228.052013091,0.015907410039561344,
8202936.249901319,0.8888378476969191,8202936.249901319,0.015894794967054635,
8417093.268061165,0.8646556999894284,8417093.268061165,0.015884434314978397,
8636841.360810637,0.8410476628684563,8636841.360810637,0.015876305956225804,
8862326.49635257,0.8179980798867346,8862326.49635257,0.015870393160074315,
9093698.453734381,0.7954916644590431,9093698.453734381,0.015866684596151856,
9331110.922339143,0.7735134898504628,9331110.922339143,0.015865174348120833,
9574721.603974145,0.7520489794013047,9574721.603974145,0.015865861937519262,
9824692.317624696,0.7310838969831686,9824692.317624696,0.015868752358191535,
1.0081189106942758E7,0.7106043376808147,1.0081189106942758E7,0.015873856121737737,
1.0344382350541888E7,0.6905967186947467,1.0344382350541888E7,0.015881189314411757,
1.0614446875171598E7,0.6710477704596546,1.0614446875171598E7,0.01589077366590248,
1.0891562071846472E7,0.6519445279741171,1.0891562071846472E7,0.015902636630440996,
1.117591201500708E7,0.633274322337235,1.117591201500708E7,0.0159168114806883,
1.1467685584791863E7,0.6150247724881814,1.1467685584791863E7,0.015933337414873572,
1.1767076592501236E7,0.5971837771449697,1.1767076592501236E7,0.015952259677672262,
1.2074283909337193E7,0.5797395069391268,1.2074283909337193E7,0.015973629695336035,
1.2389511598504009E7,0.5626803967433617,1.2389511598504009E7,0.015997505225613093,
1.2712969050757686E7,0.5459951381897974,1.2712969050757686E7,0.016023950523028265,
1.3044871123494318E7,0.5296726723768783,1.3044871123494318E7,0.01605303652012683,
1.338543828346958E7,0.5137021827636908,1.338543828346958E7,0.016084841025325286,
1.3734896753244353E7,0.4980730882511613,1.3734896753244353E7,0.016119448938056558,
1.4093478661453571E7,0.48277503645047065,1.4093478661453571E7,0.016156952481946086,
1.4461422196998253E7,0.46779789714004266,1.4461422196998253E7,0.016197451456810966,
1.4838971767263053E7,0.45313175591367844,1.4838971767263053E7,0.016241053510335293,
1.5226378160464441E7,0.43876690802390084,1.5226378160464441E7,0.016287874430344434,
1.5623898712237412E7,0.424693852426339,1.5623898712237412E7,0.01633803845867788,
1.6031797476571284E7,0.41090328603317505,1.6031797476571284E7,0.016391678627747056,
1.6450345401208192E7,0.3973860981863381,1.6450345401208192E7,0.016448937120962553,
1.6879820507620815E7,0.38413336536443554,1.6879820507620815E7,0.016509965658324847,
1.7320508075688772E7,0.3711363461415161,1.7320508075688772E7,0.01657492590859834,
1.7772700833196502E7,0.3583864764208771,1.7772700833196502E7,0.016643989929629927,
1.823669915027842E7,0.34587536497359256,1.823669915027842E7,0.01671734063853638,
1.8712811238940425E7,0.33359478931959535,1.8712811238940425E7,0.016795172313670063,
1.920135335779059E7,0.3215366919995506,1.920135335779059E7,0.01687769113048724,
1.970265002211459E7,0.3096931772991159,1.970265002211459E7,0.016965115733689893,
2.0217034219435878E7,0.2980565085043901,2.0217034219435878E7,0.017057677848299303,
2.0744847630703334E7,0.28661910578980976,2.0744847630703334E7,0.017155622932653054,
2.128644085725381E7,0.27537354486908944,2.128644085725381E7,0.01725921087670781,
2.1842173653699733E7,0.26431255657866387,2.1842173653699733E7,0.017368716749487697,
2.2412415166897193E7,0.253429027614766,2.2412415166897193E7,0.017484431600057342,
2.299754418115241E7,0.24271600271483534,2.299754418115241E7,0.01760666331703542,
2.3597949369830348E7,0.23216668866824935,2.3597949369830348E7,0.017735737552420017,
2.421402955353171E7,0.22177446067074638,2.421402955353171E7,0.01787199871639526,
2.484619396501074E7,0.21153287171608956,2.484619396501074E7,0.018015811050862016,
2.549486252100882E7,0.20143566596982812,2.549486252100882E7,0.018167559790719906,
2.6160466101185407E7,0.19147679742668253,2.6160466101185407E7,0.018327652423473218,
2.6843446834330678E7,0.18165045566632168,2.6843446834330678E7,0.018496520059594727,
2.7544258392050866E7,0.17195110127151678,2.7544258392050866E7,0.01867461892833668,
2.826336629012052E7,0.16237351458377458,2.826336629012052E7,0.018862432016413397,
2.9001248197702657E7,0.15291286314764993,2.9001248197702657E7,0.019060470870315597,
2.9758394254641507E7,0.14356479577073727,2.9758394254641507E7,0.019269277587092994,
3.053530739703926E7,0.13432557516551108,3.053530739703926E7,0.01948942702344786,
3.1332503691332396E7,0.1251922676145909,3.1332503691332396E7,0.01972152925914834,
3.215051267709027E7,0.11616301873542763,3.215051267709027E7,0.019966232358401028,
3.298987771876285E7,0.10723746235213787,3.298987771876285E7,0.02022422548230028,
3.385115636661203E7,0.09841734060232124,3.385115636661203E7,0.02049624241730138,
3.4734920727065735E7,0.08970746913358382,3.4734920727065735E7,0.02078306559949366,
3.56417578427408E7,0.0811172844554388,3.56417578427408E7,0.021085530733133122,
3.657227008238775E7,0.07266340856684775,3.657227008238775E7,0.02140453212555416,
3.7527075541015424E7,0.06437405974073326,3.7527075541015424E7,0.021741028890707507,
3.8506808450462334E7,0.056296945769511345,3.8506808450462334E7,0.02209605221215755,
3.951211960068644E7,0.04851395611299506,3.951211960068644E7,0.022470713906094723,
4.0543676772054225E7,0.041169343378166974,4.0543676772054225E7,0.022866216589413593,
4.160216517891513E7,0.03452351646156132,4.160216517891513E7,0.023283865842139394,
4.268828792475718E7,0.02904399349511429,4.268828792475718E7,0.023725084864310225,
4.380276646924481E7,0.025485720612776215,4.380276646924481E7,0.02419143227437018,
4.494634110745057E7,0.024695172869891868,4.494634110745057E7,0.024684623892596753,
4.611977146159754E7,0.026928492212459763,4.611977146159754E7,0.02520655961807818,
4.732383698564064E7,0.03156826021606946,4.732383698564064E7,0.025759356868527514,
4.855933748302037E7,0.03776020016218279,4.855933748302037E7,0.026345392548285267,
4.982709363793462E7,0.04489274536467045,4.982709363793462E7,0.02696735619919514,
5.11279475604797E7,0.05261374096248373,5.11279475604797E7,0.027628317957738707,
5.246276334602446E7,0.06073063284619209,5.246276334602446E7,0.028331816319457883,
5.3832427649187274E7,0.0691379731355719,5.3832427649187274E7,0.029081972695948265,
5.523785027279898E7,0.07777796300462046,5.523785027279898E7,0.02988364264658626,
5.667996477224115E7,0.08662008872279825,5.667996477224115E7,0.030742617957680414,
5.815972907556299E7,0.09565053373104498,5.815972907556299E7,0.031665900194410665,
5.967812611978684E7,0.10486659171111531,5.967812611978684E7,0.032662076214482874,
6.123616450382706E7,0.11427374903333085,6.123616450382706E7,0.03374184147236609,
6.283487915845369E7,0.1238842967999811,6.283487915845369E7,0.03491874123897929,
6.447533203374823E7,0.13371691635756072,6.447533203374823E7,0.036210239086830076,
6.615861280450639E7,0.143796981008173,6.615861280450639E7,0.03763928659026762,
6.788583959405692E7,0.15415747977985067,6.788583959405692E7,0.039236676753176394,
6.965815971697828E7,0.16484055972642406,6.965815971697828E7,0.04104464976573327,
7.147675044120458E7,0.17589971238552182,7.147675044120458E7,0.043122544387976976,
7.334281977002917E7,0.1874025483489477,7.334281977002917E7,0.04555586193994834,
7.525760724452321E7,0.19943373166557563,7.525760724452321E7,0.04847112366421816,
7.722238476690446E7,0.21209645167338187,7.722238476690446E7,0.05206064098160765,
7.923845744540069E7,0.2255072602347946,7.923845744540069E7,0.056623971386625685,
8.130716446117172E7,0.2397687922114897,8.130716446117172E7,0.06263517393432193,
8.3429879957863E7,0.25487562753051746,8.3429879957863E7,0.07083767385839335,
8.560801395438474E7,0.27043195841466344,8.560801395438474E7,0.08230523694221031,
8.784301328151931E7,0.2849160027826582,8.784301328151931E7,0.09811271990500062,
9.013636254298317E7,0.2943559777937823,9.013636254298317E7,0.11743598350513747,
9.248958510157762E7,0.29263895768756987,9.248958510157762E7,0.13332302671846927,
9.49042440910869E7,0.27954344820796806,9.49042440910869E7,0.13482526061626487,
9.738194345459293E7,0.26708285839070617,9.738194345459293E7,0.12282010117219064,
9.992432900989917E7,0.2648721506014761,9.992432900989917E7,0.10855820142846,
1.0253308954276818E8,0.27183952721823057,1.0253308954276818E8,0.09831688955760177,
1.0520995792870261E8,0.2838657000814578,1.0520995792870261E8,0.09267036257554613,
1.0795671228401098E8,0.2982525010842723,1.0795671228401098E8,0.09063182103299813,
1.1077517714692673E8,0.31373170470248873,1.1077517714692673E8,0.09132572524177031,
1.1366722468956119E8,0.32976386048259715,1.1366722468956119E8,0.09425365167993094,
1.1663477596149938E8,0.34609525479023323,1.1663477596149938E8,0.09923188426067535,
1.196798021658608E8,0.362519792136812,1.196798021658608E8,0.10629912679434644,
1.2280432596867703E8,0.37871660044179867,1.2280432596867703E8,0.11562323153630091,
1.260104228424518E8,0.3940877750074745,1.260104228424518E8,0.12735839494610032,
1.2930022244479847E8,0.40757891340873703,1.2930022244479847E8,0.14136590090658382,
1.3267591003307112E8,0.4175725570168998,1.3267591003307112E8,0.15672268108206866,
1.361397279159259E8,0.42214768434603656,1.361397279159259E8,0.17115990859971872,
1.3969397694278127E8,0.42010776768233155,1.3969397694278127E8,0.18114185393886584,
1.433410180321614E8,0.4125250974650025,1.433410180321614E8,0.18350575218337836,
1.4708327373994344E8,0.40313721573383493,1.4708327373994344E8,0.1778451638651067,
1.5092322986854473E8,0.396367830429604,1.5092322986854473E8,0.16685114440302098,
1.5486343711812443E8,0.39482815823668427,1.5486343711812443E8,0.15414268033057799,
1.5890651278089103E8,0.39875660630591103,1.5890651278089103E8,0.1422813510746668,
1.6305514247964624E8,0.40706032570732126,1.6305514247964624E8,0.13239348350097446,
1.6731208195171508E8,0.418398679453775,1.6731208195171508E8,0.12466565539500081,
1.7168015887945265E8,0.4316868992007904,1.7168015887945265E8,0.11886651323976255,
1.7616227476853734E8,0.44618450886891386,1.7616227476853734E8,0.11464900018330393,
1.8076140687530464E8,0.4614283403526695,1.8076140687530464E8,0.11168028130236571,
1.854806101843952E8,0.47714369898264103,1.854806101843952E8,0.10968259955889398,
1.903230194380375E8,0.4931747090245947,1.903230194380375E8,0.10843716948710781,
1.952918512183062E8,0.5094377788234571,1.952918512183062E8,0.10777580454614502,
2.003904060837464E8,0.5258925366682424,2.003904060837464E8,0.10757025747119373,
2.056220707617757E8,0.5425242140719763,2.056220707617757E8,0.10772268888006302,
2.1099032039832824E8,0.559333102165785,2.1099032039832824E8,0.1081580727525586,
2.1649872086622646E8,0.5763282712532211,2.1649872086622646E8,0.10881843575374663,
2.2215093113382313E8,0.5935238370987312,2.2215093113382313E8,0.1096585820418765,
2.2795070569547775E8,0.6109367467971276,2.2795070569547775E8,0.1106429470200357,
2.3390189706549025E8,0.6285854733790419,2.3390189706549025E8,0.11174328456302429,
2.400084583371423E8,0.6464892555483396,2.400084583371423E8,0.11293696190795939,
2.4627444580854824E8,0.6646676651667727,2.4627444580854824E8,0.1142056958667265,
2.5270402167706278E8,0.6831403717793036,2.5270402167706278E8,0.11553460987713325,
2.593014568040286E8,0.701927025149526,2.593014568040286E8,0.11691152519571474,
2.6607113355170837E8,0.721047207805709,2.6607113355170837E8,0.11832642389516211,
2.7301754869427735E8,0.7405204283737359,2.7301754869427735E8,0.11977103872851401,
2.8014531640481913E8,0.7603661379157828,2.8014531640481913E8,0.12123853731698699,
2.8745917132029814E8,0.7806037585103823,2.8745917132029814E8,0.12272327696001521,
2.94963971686557E8,0.8012527176327784,2.94963971686557E8,0.12422061269709565,
3.0266470258541495E8,0.8223324845649662,3.0266470258541495E8,0.12572674580809653,
3.1056647924602354E8,0.8438626067142067,3.1056647924602354E8,0.1272386032389262,
3.186745504426673E8,0.8658627447332085,3.186745504426673E8,0.12875374084522206,
3.2699430198127687E8,0.8883527059532536,3.2699430198127687E8,0.13027026511232526,
3.355312602769618E8,0.9113524760112712,3.355312602769618E8,0.13178676931435507,
3.442910960249472E8,0.934882248766329,3.442910960249472E8,0.13330228104548056,
3.5327962796734446E8,0.958962454718324,3.5327962796734446E8,0.13481621878274075,
3.625028267582676E8,0.9836137881991337,3.625028267582676E8,0.13632835568665932,
3.7196681892985106E8,1.0088572336272634,3.7196681892985106E8,0.13783878926005866,
3.816778909618178E8,1.034714091116356,3.816778909618178E8,0.13934791580077716,
3.9164249345728445E8,1.0612060017149436,3.9164249345728445E8,0.1408564088251928,
4.018672454275939E8,1.0883549725359065,4.018672454275939E8,0.14236520082480925,
4.123589386890061E8,1.116183402012634,4.123589386890061E8,0.14387546786118696,
4.2312454237418175E8,1.1447141054975867,4.2312454237418175E8,0.1453886166153247,
4.341712075614423E8,1.1739703413988822,4.341712075614423E8,0.14690627359379757,
4.4550627202489406E8,1.2039758380328396,4.4550627202489406E8,0.14843027626131108,
4.57137265108561E8,1.2347548213552249,4.57137265108561E8,0.14996266592219692,
4.690719127277684E8,1.2663320437217511,4.690719127277684E8,0.1515056822151379,
4.813181425011043E8,1.2987328138190584,4.813181425011043E8,0.1530617591186385,
4.93884089016355E8,1.3319830279009157,4.93884089016355E8,0.1546335223914736,
5.067780992339292E8,1.3661092024608372,5.067780992339292E8,0.15622378839411633,
5.200087380313423E8,1.4011385084713235,5.200087380313423E8,0.1578355642551921,
5.3358479389246154E8,1.4370988073216968,5.3358479389246154E8,0.15947204936230613,
5.475152847452728E8,1.4740186885906355,5.475152847452728E8,0.1611366381699123,
5.618094639520661E8,1.511927509796247,5.618094639520661E8,0.162832924328861,
5.764768264559989E8,1.5508554382754207,5.764768264559989E8,0.1645647061533689,
5.915271150881405E8,1.590833495355706,5.915271150881405E8,0.1663359934518322,
6.069703270391653E8,1.6318936029965678,6.069703270391653E8,0.16815101575848443,
6.228167205000167E8,1.6740686330931043,6.228167205000167E8,0.1700142320136891,
6.390768214759301E8,1.717392459653816,6.390768214759301E8,0.1719303417519314,
6.557614307783623E8,1.7619000140853167,6.557614307783623E8,0.1739042978685599,
6.72881631199451E8,1.8076273438406905,6.72881631199451E8,0.17594132104928084,
6.904487948737932E8,1.8546116747152774,6.904487948737932E8,0.17804691596055633,
7.084745908324059E8,1.9028914771036245,7.084745908324059E8,0.1802268893146346,
7.26970992753915E8,1.9525065365652357,7.26970992753915E8,0.1824873699402284,
7.459502869180933E8,2.003498029084187,7.459502869180933E8,0.1848348310091133,
7.654250803670594E8,2.0559086014498877,7.654250803670594E8,0.18727611459048707,
7.854083092795283E8,2.1097824572330803,7.854083092795283E8,0.18981845872914974,
8.059132475637066E8,2.1651654488838457,8.059132475637066E8,0.19246952727086403,
8.269535156745106E8,2.222105176537116,8.269535156745106E8,0.1952374426891021,
8.485430896609942E8,2.2806510941773905,8.485430896609942E8,0.1981308222023444,
8.706963104499688E8,2.3408546238883674,8.706963104499688E8,0.201158817510799,
8.934278933719968E8,2.4027692789969906,8.934278933719968E8,0.20433115852664693,
9.167529379360927E8,2.4664507970155904,9.167529379360927E8,0.20765820152355358,
9.406869378595995E8,2.5319572833924298,9.406869378595995E8,0.21115098219029,
9.65245791359937E8,2.5993493672018118,9.65245791359937E8,0.21482127414113525,
9.904458117150223E8,2.668690370041957,9.904458117150223E8,0.21868165351374153,
1.0163037380994138E9,2.7400464895650143,1.0163037380994138E9,0.22274557037512244,
1.0428367467033379E9,2.813486999241328,1.0428367467033379E9,0.22702742776044263,
1.0700624621420252E9,2.8890844661635855,1.0700624621420252E9,0.2315426692898804,
1.0979989691628947E9,2.966914988929194,1.0979989691628947E9,0.236307876448975,
1.126664824658401E9,3.047058457906775,1.126664824658401E9,0.24134087678120705,
1.1560790699924822E9,3.129598840500091,1.1560790699924822E9,0.24666086443240612,
1.1862612436488461E9,3.2146244943779245,1.1862612436488461E9,0.25228853471024504,
1.217231394209443E9,3.302228512048443,1.217231394209443E9,0.25824623458490886,
1.249010093671796E9,3.3925091006326316,1.249010093671796E9,0.26455813136683826,
1.2816184511139884E9,3.485570001244062,1.2816184511139884E9,0.2712504021637023,
1.3150781267164316E9,3.581520953026805,1.3150781267164316E9,0.2783514471531295,
1.3494113461496813E9,3.6804782076561366,1.3494113461496813E9,0.2858921302245145,
1.3846409153379054E9,3.782565100989282,1.3846409153379054E9,0.2939060511601395,
1.4207902356077595E9,3.887912689590395,1.4207902356077595E9,0.30242985426480135,
1.4578833192327912E9,3.996660461076853,1.4578833192327912E9,0.3115035792414581,
1.4959448053836343E9,4.10895712867955,1.4959448053836343E9,0.32117106118218774,
1.5349999764946537E9,4.224961522125463,1.5349999764946537E9,0.33148038784188977,
1.5750747750578487E9,4.344843588992256,1.5750747750578487E9,0.3424844239406428,
1.6161958208552275E9,4.468785523123762,1.6161958208552275E9,0.35424141416803134,
1.6583904286410599E9,4.596983039618269,1.6583904286410599E9,0.3668156789261933,
1.7016866262857587E9,4.729646819418933,1.7016866262857587E9,0.3802784197595348,
1.7461131733934777E9,4.867004150783565,1.7461131733934777E9,0.3947086550215796,
1.791699580405731E9,5.0093008000616654,1.791699580405731E9,0.41019431080905844,
1.838476128203791E9,5.156803150478341,1.838476128203791E9,0.42683349779191365,
1.8864738882228227E9,5.309800655292497,1.8864738882228227E9,0.4447360116016596,
1.9357247430911732E9,5.468608661114968,1.9357247430911732E9,0.46402510332627644,
1.9862614078084712E9,5.633571668791226,1.9862614078084712E9,0.4848395779496046,
2.0381174514766598E9,5.805067113657514,2.0381174514766598E9,0.5073362930039494,
2.091327319598338E9,5.983509764922208,2.091327319598338E9,0.5316931482661791,
2.145926356957284E9,6.169356866390707,2.145926356957284E9,0.5581126813600374,
2.201950831096299E9,6.363114169028674,2.201950831096299E9,0.5868264154579035,
2.259437956408027E9,6.56534304164239,2.259437956408027E9,0.6181001464161097,
2.3184259188546853E9,6.776668891490219,2.3184259188546853E9,0.6522404111110925,
2.3789539013332043E9,6.99779118491726,2.3789539013332043E9,0.6896024513382404,
2.441062109702539E9,7.2294954331259245,2.441062109702539E9,0.7306000852609299,
2.504791799490533E9,7.472667605345877,2.504791799490533E9,0.7757180308397363,
2.5701853032979736E9,7.7283115582249104,2.5701853032979736E9,0.8255274070076918,
2.637286058918157E9,7.997570236115242,2.637286058918157E9,0.8807053890474492,
2.706138638190516E9,8.281751615537042,2.706138638190516E9,0.9420603447285164,
2.7767887766075997E9,8.582360656832897,2.7767887766075997E9,1.0105642719325894,
2.849283403694962E9,8.901138911920011,2.849283403694962E9,1.0873950638377967,
2.923670674184234E9,9.240113953084698,2.923670674184234E9,1.1739921462928853,
3.0E9,9.601661479549637,3.0E9,1.2721305208378777,
